Age,Gender,Status,Education,Employment,Income,Location,NewClothes,Store,Unworn,OldCloth,Charity,Donated
23,Male,Married,Masters,Employed,61468,Chicago,3 Months,Thrift,9,Sell,Sometimes,No
33,Male,Single,Bachelors,Employed,165000,LA,Month,Department,3,Throw,Often,Yes
53,Female,Married,Masters,Employed,180000,Chicago,Month,Thrift,33,Throw,Never,No
25,Female,Married,Bachelors,Employed,45540,NY,Month,Thrift,22,Sell,Never,No
50,Male,Married,Bachelors,Employed,191584,LA,Month,Department,30,Throw,Sometimes,No
60,Male,Single,Masters,Retired,160000,Miami,Month,Department,21,Throw,Sometimes,Yes
56,Female,Single,Masters,Employed,141288,NY,3 Months,Department,32,Throw,Never,No
58,Male,Married,Masters,Employed,450000,NY,Month,Department,30,Throw,Often,Yes
28,Male,Single,Bachelors,Employed,110000,NY,3 Months,Department,9,Sell,Sometimes,No
17,Female,Single,Masters,Employed,23489,NY,Month,Department,10,Donate,Sometimes,No
22,Female,Single,Bachelors,Student,115010,NY,Month,Department,9,Throw,Sometimes,No
40,Male,Married,Masters,Employed,160000,Chicago,3 Months,Thrift,13,Sell,Sometimes,Yes
36,Female,Single,Bachelors,Employed,175000,LA,Month,Department,22,Throw,Often,Yes
31,Female,Single,Masters,Retired,63494,Miami,Month,Department,12,Throw,Sometimes,Yes
45,Female,Single,Bachelors,Employed,164215,NY,Month,Department,27,Throw,Never,No
79,Female,Single,High School,Retired,80000,Miami,Month,Discount,30,Pass Down,Sometimes,No
40,Male,Married,Masters,Employed,78000,Miami,Month,Department,2,Sell,Sometimes,No
57,Female,Married,Bachelors,Employed,130000,NY,3 Months,Discount,32,Throw,Sometimes,No
24,Female,Single,Bachelors,Employed,53676,NY,Month,Thrift,20,Sell,Sometimes,No
54,Male,Married,Masters,Employed,273746,Chicago,Month,Thrift,31,Throw,Sometimes,No
30,Male,Single,Masters,Employed,65000,NY,Month,Department,12,Donate,Often,No
32,Male,Married,Masters,Student,82000,Miami,Month,Thrift,2,Sell,Sometimes,No
17,Female,Single,High School,Unemployed,500,NY,Month,Department,10,Throw,Never,No
57,Female,Married,Bachelors,Employed,130000,NY,3 Months,Discount,32,Throw,Sometimes,No
60,Male,Single,Masters,Retired,160000,Miami,Month,Department,21,Throw,Sometimes,Yes
29,Female,Single,Bachelors,Employed,62006,NY,3 Months,Department,13,Donate,Sometimes,Yes
41,Male,Married,Masters,Employed,165420,NY,3 Months,Department,14,Donate,Often,No
27,Female,Single,Masters,Employed,127000,NY,3 Months,Department,17,Donate,Often,No
22,Female,Single,Masters,Employed,51731,NY,Month,Department,2,Donate,Never,No
40,Male,Married,Masters,Employed,78000,Miami,Month,Department,2,Sell,Sometimes,No
24,Female,Single,Bachelors,Student,40000,LA,Month,Thrift,16,Sell,Never,No
25,Female,Single,None,Employed,45000,Atlanta,Month,Thrift,10,Donate,Never,Yes
26,Female,Married,Bachelors,Employed,122123,NY,Month,Department,7,Sell,Sometimes,No
25,Male,Single,Masters,Student,60106,NY,Month,Department,7,Throw,Sometimes,No
41,Female,Single,Masters,Student,41818,NY,Month,Department,16,Throw,Sometimes,No
43,Male,Married,Masters,Employed,214306,NY,3 Months,Department,14,Donate,Often,Yes
24,Male,Married,Masters,Employed,120000,Atlanta,3 Months,Thrift,12,Sell,Sometimes,No
24,Female,Single,Masters,Employed,37262,Miami,Month,Department,4,Throw,Sometimes,No
17,Female,Single,High School,Student,2000,Miami,Month,Department,30,Pass Down,Never,No
58,Male,Married,Masters,Employed,450000,NY,Month,Department,30,Throw,Often,Yes
48,Male,Single,Masters,Employed,200000,Chicago,3 Months,Thrift,33,Throw,Never,No
55,Male,Married,None,Employed,421705,Chicago,Month,Department,27,Throw,Sometimes,Yes
53,Female,Married,Masters,Employed,180000,Chicago,Month,Thrift,33,Throw,Never,No
33,Female,Married,High School,Student,60000,LA,3 Months,Thrift,12,Sell,Never,No
23,Male,Single,Masters,Employed,28028,NY,Month,Department,9,Throw,Sometimes,No
17,Female,Single,High School,Student,2000,Miami,Month,Department,30,Pass Down,Never,No
36,Female,Single,Bachelors,Employed,175000,LA,Month,Department,22,Throw,Often,Yes
20,Male,Single,High School,Student,10000,NY,Month,Discount,12,Pass Down,Sometimes,No
23,Male,Single,Masters,Employed,57610,NY,Month,Department,5,Throw,Sometimes,No
60,Male,Single,Masters,Retired,160000,Miami,Month,Department,21,Throw,Sometimes,Yes
25,Female,Single,None,Employed,45000,Atlanta,Month,Thrift,10,Donate,Never,Yes
24,Female,Single,Bachelors,Employed,44893,NY,Month,Department,10,Sell,Sometimes,No
28,Female,Married,Bachelors,Employed,140604,LA,Month,Department,17,Donate,Sometimes,No
58,Male,Married,None,Retired,180000,Chicago,3 Months,Thrift,48,Throw,Never,No
24,Female,Single,Bachelors,Student,40000,LA,Month,Thrift,16,Sell,Never,No
23,Female,Single,High School,Employed,145949,LA,3 Months,Department,8,Sell,Never,No
15,Female,Single,High School,Student,3000,LA,Month,Department,17,Pass Down,Sometimes,No
45,Male,Single,None,Employed,130000,Atlanta,Month,Thrift,4,Sell,Never,No
17,Female,Single,High School,Unemployed,500,NY,Month,Department,10,Throw,Never,No
22,Female,Single,Masters,Student,53146,NY,Month,Discount,2,Throw,Sometimes,No
55,Male,Married,Bachelors,Employed,147154,NY,Month,Thrift,19,Throw,Sometimes,Yes
25,Female,Married,Bachelors,Employed,60484,NY,Month,Department,9,Sell,Sometimes,No
57,Female,Married,Bachelors,Employed,130000,NY,3 Months,Discount,32,Throw,Sometimes,No
24,Male,Married,Masters,Employed,52000,Atlanta,Month,Department,22,Sell,Never,Yes
57,Female,Married,Bachelors,Employed,130000,NY,3 Months,Discount,32,Throw,Sometimes,No
20,Male,Single,High School,Student,10000,NY,Month,Discount,12,Pass Down,Sometimes,No
23,Female,Single,Bachelors,Student,20000,NY,Month,Department,3,Throw,Sometimes,No
27,Female,Single,Masters,Employed,56640,NY,Month,Department,16,Donate,Sometimes,Yes
28,Male,Single,Masters,Employed,86100,Miami,Month,Department,22,Sell,Never,No
29,Female,Married,Masters,Employed,60000,NY,Month,Thrift,12,Sell,Sometimes,Yes
36,Female,Single,Bachelors,Employed,81205,NY,3 Months,Department,16,Donate,Sometimes,Yes
26,Male,Single,Masters,Employed,76536,NY,3 Months,Department,15,Throw,Sometimes,No
27,Female,Single,Bachelors,Employed,96817,NY,3 Months,Department,7,Throw,Never,No
30,Male,Single,Masters,Employed,65000,NY,Month,Department,12,Donate,Often,No
43,Male,Married,None,Employed,130000,Chicago,Month,Thrift,32,Throw,Sometimes,Yes
33,Male,Single,Bachelors,Employed,165000,LA,Month,Department,3,Throw,Often,Yes
32,Female,Single,Masters,Employed,80542,NY,Month,Department,26,Sell,Never,No
30,Female,Married,Masters,Employed,175000,NY,Month,Department,7,Throw,Sometimes,No
24,Female,Single,Bachelors,Employed,109858,Chicago,Month,Department,13,Throw,Never,No
30,Male,Single,Masters,Employed,65000,NY,Month,Department,12,Donate,Often,No
43,Female,Single,Masters,Employed,135913,NY,Month,Department,4,Throw,Never,No
26,Female,Single,Masters,Retired,60000,NY,Month,Department,7,Throw,Never,Yes
25,Female,Single,None,Employed,45000,Atlanta,Month,Thrift,10,Donate,Never,Yes
32,Male,Married,Masters,Student,82000,Miami,Month,Thrift,2,Sell,Sometimes,No
40,Male,Married,Masters,Employed,78000,Miami,Month,Department,2,Sell,Sometimes,No
30,Female,Single,Masters,Employed,150000,NY,3 Months,Thrift,7,Sell,Sometimes,Yes
24,Female,Single,Bachelors,Student,40000,LA,Month,Thrift,16,Sell,Never,No
19,Female,Single,Bachelors,Employed,17698,NY,3 Months,Department,8,Donate,Sometimes,Yes
34,Female,Single,Bachelors,Employed,180000,NY,Month,Department,7,Sell,Never,No
43,Female,Single,Masters,Employed,99790,NY,3 Months,Department,21,Donate,Sometimes,No
33,Female,Married,High School,Student,60000,LA,3 Months,Thrift,12,Sell,Never,No
33,Female,Single,Bachelors,Employed,74123,LA,Month,Department,13,Sell,Never,No
40,Male,Married,Masters,Employed,160000,Chicago,3 Months,Thrift,13,Sell,Sometimes,Yes
23,Female,Single,Masters,Employed,24730,Miami,Month,Department,3,Throw,Never,Yes
28,Female,Single,Masters,Employed,59412,NY,Month,Department,15,Donate,Sometimes,Yes
22,Male,Single,Bachelors,Employed,150000,NY,3 Months,Department,9,Throw,Never,No
20,Male,Single,High School,Student,10000,NY,Month,Discount,12,Pass Down,Sometimes,No
28,Female,Single,Bachelors,Employed,149480,NY,Month,Department,20,Throw,Often,No
25,Male,Single,None,Employed,65869,Chicago,Month,Thrift,9,Throw,Sometimes,Yes
36,Female,Single,Bachelors,Employed,175000,LA,Month,Department,22,Throw,Often,Yes
32,Male,Married,Masters,Student,82000,Miami,Month,Thrift,2,Sell,Sometimes,No
58,Male,Married,None,Retired,180000,Chicago,3 Months,Thrift,48,Throw,Never,No
43,Male,Married,None,Employed,130000,Chicago,Month,Thrift,32,Throw,Sometimes,Yes
49,Female,Single,Bachelors,Employed,178948,NY,Month,Department,30,Throw,Often,No
38,Male,Married,Masters,Employed,106580,NY,3 Months,Thrift,25,Sell,Sometimes,No
40,Female,Single,None,Employed,300000,Miami,Month,Department,45,Throw,Often,No
26,Male,Single,Masters,Student,47000,Atlanta,Year,Discount,10,Sell,Sometimes,No
25,Female,Single,Bachelors,Employed,63353,NY,Month,Department,8,Throw,Never,No
26,Female,Single,Masters,Retired,60000,NY,Month,Department,7,Throw,Never,Yes
24,Male,Married,Masters,Employed,120000,Atlanta,3 Months,Thrift,12,Sell,Sometimes,No
60,Male,Single,Masters,Retired,160000,Miami,Month,Department,21,Throw,Sometimes,Yes
40,Male,Married,Masters,Employed,160000,Chicago,3 Months,Thrift,13,Sell,Sometimes,Yes
32,Male,Married,Masters,Student,82000,Miami,Month,Thrift,2,Sell,Sometimes,No
24,Male,Married,Masters,Employed,120000,Atlanta,3 Months,Thrift,12,Sell,Sometimes,No
39,Female,Married,Bachelors,Employed,132186,LA,Month,Department,15,Sell,Sometimes,Yes
32,Male,Married,Masters,Student,82000,Miami,Month,Thrift,2,Sell,Sometimes,No
18,Female,Single,High School,Unemployed,45000,LA,3 Months,Thrift,18,Throw,Never,No
49,Male,Single,Bachelors,Employed,146206,Chicago,Month,Thrift,40,Throw,Sometimes,Yes
34,Female,Single,Bachelors,Employed,108863,NY,Month,Department,17,Sell,Often,No
60,Male,Single,Masters,Retired,160000,Miami,Month,Department,21,Throw,Sometimes,Yes
22,Male,Single,Bachelors,Employed,150000,NY,3 Months,Department,9,Throw,Never,No
22,Male,Single,Bachelors,Employed,52000,NY,3 Months,Department,2,Donate,Sometimes,Yes
53,Female,Married,Masters,Employed,180000,Chicago,Month,Thrift,33,Throw,Never,No
27,Female,Single,Masters,Employed,127000,NY,3 Months,Department,17,Donate,Often,No
48,Male,Married,Masters,Employed,300000,LA,3 Months,Department,18,Throw,Often,No
34,Male,Single,Masters,Employed,140811,NY,Month,Department,19,Sell,Sometimes,No
48,Male,Married,Masters,Employed,300000,LA,3 Months,Department,18,Throw,Often,No
48,Male,Married,None,Employed,174117,Chicago,Month,Thrift,30,Throw,Sometimes,Yes
42,Male,Married,None,Employed,133417,NY,Month,Thrift,29,Throw,Sometimes,Yes
40,Male,Married,Masters,Employed,78000,Miami,Month,Department,2,Sell,Sometimes,No
28,Male,Single,Bachelors,Employed,110000,NY,3 Months,Department,9,Sell,Sometimes,No
40,Male,Married,Masters,Employed,78000,Miami,Month,Department,2,Sell,Sometimes,No
57,Male,Married,Masters,Employed,250000,LA,3 Months,Discount,30,Donate,Often,Yes
30,Female,Single,Masters,Employed,150000,NY,3 Months,Thrift,7,Sell,Sometimes,Yes
32,Male,Married,Masters,Student,82000,Miami,Month,Thrift,2,Sell,Sometimes,No
43,Male,Married,None,Employed,130000,Chicago,Month,Thrift,32,Throw,Sometimes,Yes
25,Female,Single,Bachelors,Employed,65000,NY,Month,Thrift,9,Sell,Sometimes,No
30,Male,Single,Bachelors,Employed,137063,LA,Month,Thrift,4,Throw,Never,Yes
32,Female,Married,Masters,Employed,114987,NY,Month,Department,16,Throw,Never,No
59,Male,Single,Bachelors,Employed,161106,NY,Month,Department,22,Throw,Never,No
22,Male,Single,Bachelors,Employed,52000,NY,3 Months,Department,2,Donate,Sometimes,Yes
50,Female,Married,Bachelors,Employed,210519,NY,Month,Department,28,Throw,Sometimes,No
24,Male,Married,Masters,Employed,67078,NY,Month,Department,19,Sell,Never,No
23,Male,Married,Masters,Employed,84138,NY,3 Months,Thrift,9,Sell,Sometimes,No
24,Male,Married,Masters,Employed,52000,Atlanta,Month,Department,22,Sell,Never,Yes
36,Female,Single,Bachelors,Employed,175000,LA,Month,Department,22,Throw,Often,Yes
38,Female,Married,Masters,Employed,167982,NY,3 Months,Discount,25,Throw,Often,No
30,Female,Single,Masters,Employed,150000,NY,3 Months,Thrift,7,Sell,Sometimes,Yes
20,Male,Single,High School,Student,10000,NY,Month,Discount,12,Pass Down,Sometimes,No
17,Female,Single,High School,Student,2000,Miami,Month,Department,30,Pass Down,Never,No
30,Female,Married,Masters,Employed,175000,NY,Month,Department,7,Throw,Sometimes,No
27,Female,Married,Masters,Employed,160000,Chicago,Month,Thrift,7,Sell,Sometimes,Yes
27,Female,Married,Masters,Employed,160000,Chicago,Month,Thrift,7,Sell,Sometimes,Yes
28,Male,Single,Bachelors,Employed,110000,NY,3 Months,Department,9,Sell,Sometimes,No
29,Female,Married,Masters,Employed,60000,NY,Month,Thrift,12,Sell,Sometimes,Yes
25,Female,Single,Bachelors,Employed,65000,NY,Month,Thrift,9,Sell,Sometimes,No
26,Female,Single,Bachelors,Employed,59280,NY,Month,Department,7,Throw,Sometimes,No
30,Male,Single,Masters,Employed,65000,NY,Month,Department,12,Donate,Often,No
48,Male,Single,Masters,Employed,200000,Chicago,3 Months,Thrift,33,Throw,Never,No
25,Female,Single,Bachelors,Employed,45000,NY,3 Months,Department,23,Sell,Never,No
40,Female,Single,Masters,Retired,117814,NY,Month,Department,28,Throw,Never,No
58,Male,Married,None,Retired,180000,Chicago,3 Months,Thrift,48,Throw,Never,No
26,Female,Single,Masters,Retired,60000,NY,Month,Department,7,Throw,Never,Yes
57,Male,Married,Masters,Employed,250000,LA,3 Months,Discount,30,Donate,Often,Yes
35,Male,Married,Masters,Employed,193270,Chicago,3 Months,Thrift,17,Donate,Often,Yes
40,Male,Married,Masters,Employed,160000,Chicago,3 Months,Thrift,13,Sell,Sometimes,Yes
57,Male,Married,Masters,Employed,250000,LA,3 Months,Discount,30,Donate,Often,Yes
62,Female,Married,Bachelors,Employed,250000,NY,Month,Department,11,Donate,Often,Yes
57,Male,Married,Masters,Employed,250000,LA,3 Months,Discount,30,Donate,Often,Yes
57,Male,Married,Masters,Employed,250000,LA,3 Months,Discount,30,Donate,Often,Yes
42,Female,Married,Bachelors,Employed,121929,NY,Month,Department,13,Throw,Sometimes,No
24,Female,Married,Bachelors,Employed,80000,Atlanta,3 Months,Department,17,Throw,Sometimes,Yes
25,Female,Single,Bachelors,Employed,47409,LA,Month,Department,10,Sell,Sometimes,No
79,Female,Single,High School,Retired,80000,Miami,Month,Discount,30,Pass Down,Sometimes,No
37,Female,Single,Masters,Employed,163338,NY,Month,Department,6,Throw,Never,No
25,Female,Single,Bachelors,Employed,65000,NY,Month,Thrift,9,Sell,Sometimes,No
38,Female,Married,Masters,Employed,175716,NY,Month,Department,23,Throw,Never,No
25,Female,Single,Masters,Employed,53471,NY,Month,Department,9,Throw,Sometimes,No
48,Female,Single,Bachelors,Employed,335967,NY,Month,Department,26,Sell,Sometimes,No
24,Female,Married,Bachelors,Employed,80000,Atlanta,3 Months,Department,17,Throw,Sometimes,Yes
25,Female,Single,Bachelors,Employed,45000,NY,3 Months,Department,23,Sell,Never,No
24,Female,Single,High School,Student,34633,NY,Month,Department,7,Throw,Sometimes,No
25,Female,Single,Bachelors,Employed,45000,NY,3 Months,Department,23,Sell,Never,No
40,Female,Single,None,Employed,300000,Miami,Month,Department,45,Throw,Often,No
20,Male,Single,High School,Student,10000,NY,Month,Discount,12,Pass Down,Sometimes,No
22,Female,Single,Bachelors,Employed,19004,NY,Month,Department,4,Throw,Sometimes,No
30,Female,Single,Masters,Employed,150000,NY,3 Months,Thrift,7,Sell,Sometimes,Yes
62,Female,Married,Bachelors,Employed,250000,NY,Month,Department,11,Donate,Often,Yes
20,Male,Single,High School,Student,10000,NY,Month,Discount,12,Pass Down,Sometimes,No
33,Male,Single,Bachelors,Employed,165000,LA,Month,Department,3,Throw,Often,Yes
17,Female,Single,Masters,Employed,13138,NY,3 Months,Department,15,Donate,Sometimes,No
25,Female,Married,Bachelors,Employed,65000,LA,Month,Department,9,Throw,Sometimes,No
58,Male,Married,None,Employed,337918,Chicago,Month,Department,26,Throw,Sometimes,Yes
57,Female,Married,Bachelors,Employed,130000,NY,3 Months,Discount,32,Throw,Sometimes,No
58,Male,Married,Masters,Employed,450000,NY,Month,Department,30,Throw,Often,Yes
24,Female,Married,Bachelors,Employed,47207,NY,Month,Department,13,Sell,Sometimes,No
58,Male,Married,Masters,Employed,450000,NY,Month,Department,30,Throw,Often,Yes
34,Female,Single,Bachelors,Employed,75962,NY,Month,Department,15,Sell,Sometimes,No
24,Female,Married,Bachelors,Employed,80000,Atlanta,3 Months,Department,17,Throw,Sometimes,Yes
20,Male,Single,High School,Student,10000,NY,Month,Discount,12,Pass Down,Sometimes,No
23,Female,Married,Masters,Student,45000,Miami,3 Months,Department,7,Throw,Sometimes,Yes
22,Male,Single,Bachelors,Employed,52000,NY,3 Months,Department,2,Donate,Sometimes,Yes
23,Female,Single,Bachelors,Student,20000,NY,Month,Department,3,Throw,Sometimes,No
52,Female,Married,High School,Employed,40000,Miami,Month,Department,22,Donate,Often,Yes
30,Female,Single,Masters,Employed,150000,NY,3 Months,Thrift,7,Sell,Sometimes,Yes
33,Female,Married,High School,Student,60000,LA,3 Months,Thrift,12,Sell,Never,No
23,Female,Married,Masters,Student,45000,Miami,3 Months,Department,7,Throw,Sometimes,Yes
17,Female,Single,High School,Unemployed,500,NY,Month,Department,10,Throw,Never,No
26,Male,Single,Masters,Employed,145792,Chicago,Month,Department,7,Throw,Never,No
37,Female,Married,Bachelors,Employed,185925,NY,3 Months,Department,18,Throw,Sometimes,No
25,Female,Married,Bachelors,Employed,65000,Atlanta,Month,Department,9,Throw,Sometimes,Yes
32,Female,Single,Bachelors,Employed,150409,LA,Month,Department,13,Throw,Never,No
59,Male,Single,Masters,Employed,161106,LA,Month,Department,22,Throw,Sometimes,No
57,Male,Married,Masters,Employed,250000,LA,3 Months,Discount,30,Donate,Often,Yes
27,Male,Married,Masters,Employed,55064,Atlanta,Month,Department,18,Throw,Sometimes,No
58,Male,Married,Masters,Employed,450000,NY,Month,Department,30,Throw,Often,Yes
58,Male,Married,None,Retired,180000,Chicago,3 Months,Thrift,48,Throw,Never,No
30,Female,Married,Masters,Employed,175000,NY,Month,Department,7,Throw,Sometimes,No
53,Female,Married,Masters,Employed,180000,Chicago,Month,Thrift,33,Throw,Never,No
24,Female,Single,High School,Student,57418,NY,Month,Department,9,Pass Down,Sometimes,No
35,Male,Married,High School,Employed,108459,Miami,Month,Department,14,Sell,Never,No
25,Female,Single,None,Employed,45000,Atlanta,Month,Thrift,10,Donate,Never,Yes
24,Male,Married,Masters,Employed,120000,Atlanta,3 Months,Thrift,12,Sell,Sometimes,No
37,Male,Married,Bachelors,Employed,99669,Chicago,Month,Thrift,13,Throw,Often,Yes
23,Female,Married,Masters,Employed,29876,Atlanta,Month,Department,4,Throw,Sometimes,Yes
24,Male,Married,Masters,Employed,55770,Chicago,3 Months,Thrift,8,Throw,Sometimes,No
26,Male,Married,Masters,Employed,76236,Chicago,3 Months,Thrift,9,Throw,Sometimes,No
23,Female,Married,Masters,Student,45000,Miami,3 Months,Department,7,Throw,Sometimes,Yes
57,Male,Married,Masters,Employed,250000,LA,3 Months,Discount,30,Donate,Often,Yes
57,Male,Married,Masters,Employed,250000,LA,3 Months,Discount,30,Donate,Often,Yes
23,Female,Single,Masters,Employed,78511,NY,3 Months,Department,22,Donate,Never,Yes
23,Female,Married,Masters,Student,45000,Miami,3 Months,Department,7,Throw,Sometimes,Yes
26,Female,Single,Masters,Retired,60000,NY,Month,Department,7,Throw,Never,Yes
57,Female,Married,Bachelors,Employed,130000,NY,3 Months,Discount,32,Throw,Sometimes,No
24,Female,Single,Bachelors,Student,40000,LA,Month,Thrift,16,Sell,Never,No
20,Male,Single,High School,Student,10000,NY,Month,Discount,12,Pass Down,Sometimes,No
57,Male,Single,Masters,Employed,179060,LA,Month,Department,47,Throw,Sometimes,No
48,Male,Married,Masters,Employed,300000,LA,3 Months,Department,18,Throw,Often,No
38,Male,Married,Bachelors,Employed,101758,Chicago,Month,Thrift,13,Throw,Often,Yes
40,Female,Single,None,Employed,300000,Miami,Month,Department,45,Throw,Often,No
38,Female,Single,High School,Employed,79720,LA,3 Months,Department,5,Sell,Never,No
30,Male,Single,Masters,Employed,65000,NY,Month,Department,12,Donate,Often,No
27,Female,Single,Masters,Employed,127000,NY,3 Months,Department,17,Donate,Often,No
23,Female,Single,Masters,Employed,40766,Atlanta,Month,Department,5,Throw,Never,No
26,Female,Single,High School,Employed,133744,LA,3 Months,Department,7,Sell,Never,No
17,Female,Single,Masters,Employed,916,NY,Month,Department,9,Throw,Never,No
21,Female,Single,Masters,Employed,46810,NY,Month,Department,3,Donate,Sometimes,No
33,Female,Single,Masters,Employed,153994,NY,3 Months,Department,19,Throw,Never,No
26,Female,Single,Masters,Retired,60000,NY,Month,Department,7,Throw,Never,Yes
53,Female,Married,Masters,Employed,180000,Chicago,Month,Thrift,33,Throw,Never,No
45,Male,Single,None,Employed,130000,Atlanta,Month,Thrift,4,Sell,Never,No
24,Male,Married,Masters,Employed,120000,Atlanta,3 Months,Thrift,12,Sell,Sometimes,No
43,Female,Single,Bachelors,Employed,126062,Atlanta,Month,Department,4,Throw,Never,No
24,Female,Single,Bachelors,Student,40000,LA,Month,Thrift,16,Sell,Never,No
24,Female,Single,High School,Employed,52172,Miami,Month,Department,7,Donate,Sometimes,No
27,Male,Single,Masters,Employed,84978,NY,3 Months,Department,20,Throw,Sometimes,No
23,Female,Single,Bachelors,Student,20000,NY,Month,Department,3,Throw,Sometimes,No
15,Female,Single,High School,Student,3000,LA,Month,Department,17,Pass Down,Sometimes,No
24,Male,Married,Masters,Employed,120000,Atlanta,3 Months,Thrift,12,Sell,Sometimes,No
25,Female,Married,Bachelors,Employed,48656,LA,Month,Department,9,Donate,Sometimes,No
27,Female,Single,Masters,Employed,127000,NY,3 Months,Department,17,Donate,Often,No
30,Female,Married,Masters,Employed,175000,NY,Month,Department,7,Throw,Sometimes,No
60,Male,Single,Masters,Retired,160000,Miami,Month,Department,21,Throw,Sometimes,Yes
29,Female,Single,Masters,Employed,64466,NY,Month,Department,11,Donate,Sometimes,No
57,Male,Single,Bachelors,Employed,179060,NY,Month,Department,47,Throw,Never,No
39,Male,Single,Masters,Employed,124412,NY,Month,Department,33,Throw,Never,No
28,Male,Single,Bachelors,Employed,110000,NY,3 Months,Department,9,Sell,Sometimes,No
25,Female,Married,Masters,Employed,75464,Atlanta,3 Months,Department,15,Sell,Sometimes,No
18,Female,Single,High School,Unemployed,45000,LA,3 Months,Thrift,18,Throw,Never,No
29,Female,Married,Bachelors,Employed,160000,LA,Month,Department,23,Donate,Sometimes,Yes
25,Female,Married,Bachelors,Employed,65000,LA,Month,Department,9,Throw,Sometimes,No
40,Male,Married,Masters,Employed,78000,Miami,Month,Department,2,Sell,Sometimes,No
26,Female,Single,Bachelors,Employed,77725,NY,3 Months,Department,9,Donate,Sometimes,No
24,Female,Single,High School,Employed,41753,Miami,Month,Department,5,Throw,Sometimes,No
52,Male,Married,Masters,Employed,232367,NY,3 Months,Department,28,Throw,Often,No
31,Female,Married,Masters,Employed,179149,NY,3 Months,Department,7,Throw,Sometimes,No
48,Male,Single,Masters,Employed,200000,Chicago,3 Months,Thrift,33,Throw,Never,No
24,Female,Single,Masters,Employed,55962,Atlanta,Month,Department,7,Throw,Never,No
31,Female,Married,Bachelors,Employed,162082,NY,3 Months,Department,19,Throw,Sometimes,No
37,Female,Married,High School,Employed,85000,Miami,Month,Department,15,Sell,Never,No
30,Male,Single,Masters,Employed,65000,NY,Month,Department,12,Donate,Often,No
26,Female,Single,Bachelors,Employed,154024,NY,Month,Thrift,7,Throw,Sometimes,No
40,Female,Single,None,Employed,300000,Miami,Month,Department,45,Throw,Often,No
36,Female,Single,Bachelors,Employed,175000,LA,Month,Department,22,Throw,Often,Yes
42,Female,Single,Masters,Employed,129615,NY,Month,Department,31,Sell,Never,No
25,Female,Single,Masters,Student,40866,NY,Month,Department,18,Throw,Sometimes,Yes
24,Female,Single,Bachelors,Student,40000,LA,Month,Thrift,16,Sell,Never,No
25,Female,Single,None,Employed,45000,Atlanta,Month,Thrift,10,Donate,Never,Yes
28,Male,Single,None,Employed,59489,Chicago,Month,Thrift,19,Throw,Sometimes,Yes
25,Female,Single,Masters,Employed,45000,NY,Month,Department,14,Donate,Sometimes,Yes
28,Male,Single,Bachelors,Employed,110000,NY,3 Months,Department,9,Sell,Sometimes,No
41,Female,Single,Masters,Employed,120997,NY,Month,Department,31,Sell,Never,No
23,Female,Single,Masters,Employed,47745,NY,Month,Department,6,Donate,Sometimes,No
40,Male,Married,Masters,Employed,160000,Chicago,3 Months,Thrift,13,Sell,Sometimes,Yes
24,Male,Married,Masters,Employed,52000,Atlanta,Month,Department,22,Sell,Never,Yes
27,Female,Married,Bachelors,Employed,61225,NY,3 Months,Department,23,Sell,Sometimes,No
21,Female,Single,Bachelors,Employed,46983,NY,3 Months,Department,2,Donate,Sometimes,Yes
36,Male,Single,None,Employed,90141,Chicago,Month,Thrift,27,Throw,Sometimes,Yes
31,Female,Single,Bachelors,Employed,78518,Atlanta,Month,Department,6,Throw,Never,No
30,Female,Married,Masters,Employed,175000,NY,Month,Department,7,Throw,Sometimes,No
52,Female,Married,High School,Employed,40000,Miami,Month,Department,22,Donate,Often,Yes
30,Male,Single,Masters,Employed,65000,NY,Month,Department,12,Donate,Often,No
29,Female,Married,Bachelors,Employed,160000,LA,Month,Department,23,Donate,Sometimes,Yes
18,Female,Single,High School,Unemployed,45000,LA,3 Months,Thrift,18,Throw,Never,No
33,Female,Married,High School,Student,60000,LA,3 Months,Thrift,12,Sell,Never,No
57,Female,Married,Bachelors,Employed,130000,NY,3 Months,Discount,32,Throw,Sometimes,No
25,Female,Single,Bachelors,Employed,45000,NY,3 Months,Department,23,Sell,Never,No
33,Female,Married,High School,Student,60000,LA,3 Months,Thrift,12,Sell,Never,No
28,Male,Single,Bachelors,Employed,110000,NY,3 Months,Department,9,Sell,Sometimes,No
34,Male,Single,Masters,Employed,109752,NY,Month,Department,29,Throw,Never,No
23,Female,Single,Masters,Employed,67063,NY,3 Months,Department,5,Throw,Never,No
39,Male,Married,Masters,Employed,272666,Chicago,Month,Thrift,20,Throw,Sometimes,No
15,Female,Single,High School,Student,3000,LA,Month,Department,17,Pass Down,Sometimes,No
79,Female,Single,High School,Retired,80000,Miami,Month,Discount,30,Pass Down,Sometimes,No
17,Female,Single,High School,Unemployed,500,NY,Month,Department,10,Throw,Never,No
15,Female,Single,High School,Student,3000,LA,Month,Department,17,Pass Down,Sometimes,No
45,Male,Single,Masters,Employed,169214,NY,Month,Department,33,Throw,Never,No
45,Male,Married,Masters,Employed,189990,Chicago,3 Months,Department,18,Donate,Often,No
79,Female,Single,High School,Retired,80000,Miami,Month,Discount,30,Pass Down,Sometimes,No
25,Female,Single,Bachelors,Employed,45000,NY,3 Months,Department,23,Sell,Never,No
45,Male,Single,None,Employed,130000,Atlanta,Month,Thrift,4,Sell,Never,No
25,Female,Single,Bachelors,Employed,52687,LA,Month,Department,9,Sell,Sometimes,No
57,Male,Married,Masters,Employed,250000,LA,3 Months,Discount,30,Donate,Often,Yes
22,Male,Single,Bachelors,Employed,150000,NY,3 Months,Department,9,Throw,Never,No
18,Female,Single,High School,Unemployed,45000,LA,3 Months,Thrift,18,Throw,Never,No
21,Female,Single,Masters,Student,40888,NY,Month,Department,4,Throw,Sometimes,No
61,Male,Married,Bachelors,Employed,226322,Chicago,Month,Thrift,13,Throw,Sometimes,Yes
58,Male,Married,Masters,Employed,450000,NY,Month,Department,30,Throw,Often,Yes
25,Female,Single,Masters,Employed,48418,NY,3 Months,Department,10,Donate,Sometimes,No
53,Female,Married,Masters,Employed,180000,Chicago,Month,Thrift,33,Throw,Never,No
34,Female,Single,Bachelors,Employed,180000,NY,Month,Department,7,Sell,Never,No
52,Female,Married,High School,Employed,40000,Miami,Month,Department,22,Donate,Often,Yes
37,Female,Single,Bachelors,Employed,212480,NY,Month,Department,17,Sell,Sometimes,No
58,Male,Married,None,Retired,180000,Chicago,3 Months,Thrift,48,Throw,Never,No
24,Male,Married,Masters,Employed,52000,Atlanta,Month,Department,22,Sell,Never,Yes
42,Female,Single,High School,Employed,105136,LA,3 Months,Department,3,Sell,Never,No
28,Male,Married,None,Employed,106814,Chicago,Month,Thrift,6,Throw,Sometimes,Yes
18,Female,Single,High School,Unemployed,45000,LA,3 Months,Thrift,18,Throw,Never,No
30,Female,Married,Bachelors,Employed,167746,LA,Month,Department,22,Throw,Sometimes,Yes
26,Female,Single,Masters,Retired,60000,NY,Month,Department,7,Throw,Never,Yes
25,Female,Single,Masters,Employed,53500,NY,3 Months,Department,7,Throw,Sometimes,No
37,Female,Married,High School,Employed,85000,Miami,Month,Department,15,Sell,Never,No
34,Female,Single,Bachelors,Employed,180000,NY,Month,Department,7,Sell,Never,No
48,Female,Single,Masters,Student,42578,NY,Month,Department,20,Throw,Never,No
23,Female,Single,Bachelors,Employed,51060,NY,3 Months,Department,22,Donate,Sometimes,No
45,Male,Single,None,Employed,130000,Atlanta,Month,Thrift,4,Sell,Never,No
45,Male,Single,None,Employed,130000,Atlanta,Month,Thrift,4,Sell,Never,No
36,Female,Single,Bachelors,Employed,175000,LA,Month,Department,22,Throw,Often,Yes
24,Female,Married,Bachelors,Employed,56970,Atlanta,Month,Department,17,Sell,Sometimes,Yes
30,Female,Married,Masters,Employed,175000,NY,Month,Department,7,Throw,Sometimes,No
54,Female,Married,Bachelors,Employed,152272,NY,Month,Department,32,Throw,Sometimes,No
53,Female,Married,Masters,Employed,180000,Chicago,Month,Thrift,33,Throw,Never,No
29,Female,Married,Bachelors,Employed,160000,LA,Month,Department,23,Donate,Sometimes,Yes
17,Female,Single,High School,Student,2000,Miami,Month,Department,30,Pass Down,Never,No
36,Female,Single,Bachelors,Employed,175000,LA,Month,Department,22,Throw,Often,Yes
27,Female,Married,Masters,Employed,160000,Chicago,Month,Thrift,7,Sell,Sometimes,Yes
48,Male,Single,Masters,Employed,200000,Chicago,3 Months,Thrift,33,Throw,Never,No
48,Male,Married,Masters,Employed,196062,NY,Month,Department,32,Throw,Sometimes,No
25,Female,Married,Bachelors,Employed,65000,Atlanta,Month,Department,9,Sell,Sometimes,Yes
28,Female,Single,Masters,Employed,90000,LA,3 Months,Department,24,Throw,Never,No
57,Female,Married,Bachelors,Employed,130000,NY,3 Months,Discount,32,Throw,Sometimes,No
58,Male,Married,None,Retired,180000,Chicago,3 Months,Thrift,48,Throw,Never,No
24,Male,Single,None,Employed,48126,Chicago,Month,Thrift,13,Throw,Sometimes,Yes
37,Female,Single,Bachelors,Employed,103209,NY,Month,Department,19,Throw,Never,No
27,Male,Single,Bachelors,Employed,77560,NY,Month,Department,16,Sell,Sometimes,No
15,Female,Single,High School,Student,3000,LA,Month,Department,17,Pass Down,Sometimes,No
24,Male,Married,Masters,Employed,120000,Atlanta,3 Months,Thrift,12,Sell,Sometimes,No
43,Male,Married,None,Employed,130000,Chicago,Month,Thrift,32,Throw,Sometimes,Yes
24,Female,Single,Bachelors,Student,40000,LA,Month,Thrift,16,Sell,Never,No
27,Female,Married,Masters,Employed,67746,NY,3 Months,Discount,8,Throw,Never,No
40,Female,Single,None,Employed,300000,Miami,Month,Department,45,Throw,Often,No
20,Male,Single,High School,Student,10000,NY,Month,Discount,12,Pass Down,Sometimes,No
40,Male,Married,Masters,Employed,160000,Chicago,3 Months,Thrift,13,Sell,Sometimes,Yes
29,Female,Married,Masters,Employed,60000,NY,Month,Thrift,12,Sell,Sometimes,Yes
24,Female,Single,Masters,Employed,45000,NY,Month,Department,19,Donate,Sometimes,Yes
52,Female,Married,High School,Employed,40000,Miami,Month,Department,22,Donate,Often,Yes
25,Female,Single,None,Employed,45000,Atlanta,Month,Thrift,10,Donate,Never,Yes
48,Male,Single,Masters,Employed,200000,Chicago,3 Months,Thrift,33,Throw,Never,No
60,Male,Single,Masters,Retired,160000,Miami,Month,Department,21,Throw,Sometimes,Yes
62,Female,Married,Bachelors,Employed,250000,NY,Month,Department,11,Donate,Often,Yes
34,Female,Single,Bachelors,Employed,180000,NY,Month,Department,7,Sell,Never,No
25,Male,Single,None,Employed,61363,Chicago,Month,Thrift,13,Throw,Sometimes,Yes
22,Male,Single,Bachelors,Employed,150000,NY,3 Months,Department,9,Throw,Never,No
52,Male,Married,Masters,Employed,247556,Chicago,3 Months,Thrift,31,Donate,Often,Yes
58,Male,Married,Masters,Employed,450000,NY,Month,Department,30,Throw,Often,Yes
53,Female,Married,Masters,Employed,180000,Chicago,Month,Thrift,33,Throw,Never,No
24,Female,Single,Masters,Employed,56516,NY,3 Months,Department,21,Throw,Never,No
34,Male,Married,High School,Employed,83178,Miami,Month,Department,11,Sell,Never,No
52,Male,Married,Masters,Employed,122832,NY,Month,Department,29,Throw,Sometimes,No
26,Male,Single,Masters,Student,47000,Atlanta,Year,Discount,10,Sell,Sometimes,No
19,Female,Single,Masters,Employed,20792,NY,Month,Department,19,Throw,Sometimes,Yes
54,Female,Single,Masters,Employed,206765,NY,3 Months,Department,31,Throw,Never,No
43,Male,Married,None,Employed,130000,Chicago,Month,Thrift,32,Throw,Sometimes,Yes
36,Male,Single,Bachelors,Employed,241000,NY,Month,Department,26,Throw,Often,No
24,Female,Single,Masters,Employed,45683,NY,Month,Department,20,Donate,Sometimes,No
24,Male,Married,Masters,Employed,57623,NY,Month,Department,20,Sell,Never,No
24,Female,Single,Bachelors,Employed,95689,NY,Month,Department,15,Throw,Never,No
21,Female,Single,Bachelors,Employed,28950,Atlanta,Month,Department,8,Throw,Never,No
53,Female,Single,Masters,Employed,148234,NY,Month,Department,25,Sell,Never,No
52,Female,Married,High School,Employed,40000,Miami,Month,Department,22,Donate,Often,Yes
30,Female,Married,Masters,Employed,175000,NY,Month,Department,7,Throw,Sometimes,No
45,Female,Single,Masters,Employed,102448,NY,3 Months,Department,23,Donate,Never,Yes
38,Female,Single,Bachelors,Employed,101271,Atlanta,Month,Department,5,Throw,Never,No
33,Male,Single,Bachelors,Employed,165000,LA,Month,Department,3,Throw,Often,Yes
41,Female,Single,Masters,Employed,80967,NY,3 Months,Department,31,Donate,Sometimes,Yes
25,Female,Single,Bachelors,Employed,65000,NY,Month,Thrift,9,Sell,Sometimes,No
40,Male,Married,Masters,Employed,160000,Chicago,3 Months,Thrift,13,Sell,Sometimes,Yes
42,Female,Single,Masters,Employed,83909,NY,3 Months,Department,31,Donate,Never,Yes
39,Male,Married,Masters,Employed,159248,NY,3 Months,Department,12,Donate,Often,No
30,Male,Single,Masters,Employed,170454,NY,Month,Department,7,Throw,Never,No
30,Male,Single,Masters,Employed,65000,NY,Month,Department,12,Donate,Often,No
23,Female,Married,Bachelors,Employed,28330,NY,Month,Department,5,Sell,Sometimes,No
40,Male,Married,Masters,Employed,78000,Miami,Month,Department,2,Sell,Sometimes,No
27,Female,Married,Bachelors,Employed,92803,LA,Month,Department,9,Donate,Never,No
33,Female,Married,High School,Student,60000,LA,3 Months,Thrift,12,Sell,Never,No
29,Female,Married,Bachelors,Employed,160000,LA,Month,Department,23,Donate,Sometimes,Yes
17,Female,Single,High School,Unemployed,500,NY,Month,Department,10,Throw,Never,No
24,Male,Married,Masters,Employed,98969,Chicago,3 Months,Thrift,10,Throw,Sometimes,No
32,Male,Married,Masters,Student,82000,Miami,Month,Thrift,2,Sell,Sometimes,No
34,Male,Married,Masters,Employed,189293,NY,3 Months,Department,17,Donate,Often,Yes
26,Male,Single,Masters,Student,47000,Atlanta,Year,Discount,10,Sell,Sometimes,No
37,Female,Single,High School,Employed,82694,LA,3 Months,Department,10,Sell,Never,No
29,Female,Married,Masters,Employed,60000,NY,Month,Thrift,12,Sell,Sometimes,Yes
38,Male,Married,Masters,Employed,160178,NY,Month,Department,15,Throw,Sometimes,No
24,Female,Single,Bachelors,Student,40000,LA,Month,Thrift,16,Sell,Never,No
48,Male,Married,Masters,Employed,300000,LA,3 Months,Department,18,Throw,Often,No
24,Male,Married,Masters,Employed,52000,Atlanta,Month,Department,22,Sell,Never,Yes
41,Female,Single,Masters,Student,32809,NY,Month,Department,15,Throw,Never,No
24,Female,Single,Bachelors,Employed,54210,NY,Month,Department,12,Sell,Never,No
28,Male,Single,Bachelors,Employed,110000,NY,3 Months,Department,9,Sell,Sometimes,No
20,Male,Single,High School,Student,10000,NY,Month,Discount,12,Pass Down,Sometimes,No
52,Female,Married,High School,Employed,40000,Miami,Month,Department,22,Donate,Often,Yes
45,Male,Single,None,Employed,130000,Atlanta,Month,Thrift,4,Sell,Never,No
30,Female,Single,Masters,Employed,150000,NY,3 Months,Thrift,7,Sell,Sometimes,Yes
40,Male,Married,Masters,Employed,160000,Chicago,3 Months,Thrift,13,Sell,Sometimes,Yes
42,Female,Single,Bachelors,Employed,91754,NY,3 Months,Department,22,Donate,Sometimes,Yes
38,Female,Single,Bachelors,Employed,104007,NY,Month,Department,9,Throw,Never,No
25,Female,Single,None,Employed,45000,Atlanta,Month,Thrift,10,Donate,Never,Yes
51,Female,Single,Masters,Employed,221490,NY,3 Months,Department,31,Throw,Never,No
22,Male,Single,Bachelors,Employed,52000,NY,3 Months,Department,2,Donate,Sometimes,Yes
48,Male,Single,Masters,Employed,200000,Chicago,3 Months,Thrift,33,Throw,Never,No
40,Female,Single,None,Employed,300000,Miami,Month,Department,45,Throw,Often,No
58,Male,Married,Masters,Employed,450000,NY,Month,Department,30,Throw,Often,Yes
34,Female,Single,Bachelors,Employed,180000,NY,Month,Department,7,Sell,Never,No
24,Female,Single,Bachelors,Employed,45000,NY,Month,Department,9,Donate,Sometimes,No
25,Female,Married,Masters,Employed,122545,Chicago,3 Months,Thrift,13,Throw,Sometimes,No
23,Male,Single,Bachelors,Employed,130006,NY,Month,Department,13,Sell,Sometimes,No
35,Female,Single,High School,Employed,97048,LA,3 Months,Department,3,Sell,Never,No
26,Male,Single,Masters,Student,47000,Atlanta,Year,Discount,10,Sell,Sometimes,No
26,Female,Single,Masters,Retired,60000,NY,Month,Department,7,Throw,Never,Yes
45,Male,Single,None,Employed,130000,Atlanta,Month,Thrift,4,Sell,Never,No
33,Female,Married,High School,Student,60000,LA,3 Months,Thrift,12,Sell,Never,No
23,Male,Single,Masters,Employed,29143,NY,Month,Department,10,Throw,Sometimes,No
23,Female,Married,Masters,Student,45000,Miami,3 Months,Department,7,Throw,Sometimes,Yes
25,Female,Single,Bachelors,Student,37262,NY,Month,Department,6,Throw,Never,No
48,Male,Single,Bachelors,Employed,169123,NY,3 Months,Department,14,Throw,Never,No
37,Female,Married,High School,Employed,85000,Miami,Month,Department,15,Sell,Never,No
37,Female,Married,High School,Employed,85000,Miami,Month,Department,15,Sell,Never,No
17,Female,Single,High School,Student,2000,Miami,Month,Department,30,Pass Down,Never,No
28,Female,Single,Masters,Employed,90000,LA,3 Months,Department,24,Throw,Never,No
23,Male,Married,Masters,Employed,53596,Chicago,3 Months,Thrift,7,Sell,Sometimes,No
25,Female,Single,None,Employed,45000,Atlanta,Month,Thrift,10,Donate,Never,Yes
24,Female,Single,Bachelors,Employed,72370,Chicago,Month,Department,18,Throw,Never,No
48,Male,Married,Masters,Employed,300000,LA,3 Months,Department,18,Throw,Often,No
36,Female,Single,Masters,Employed,77889,NY,3 Months,Department,16,Donate,Never,Yes
24,Female,Married,Bachelors,Employed,80000,Atlanta,3 Months,Department,17,Throw,Sometimes,Yes
48,Male,Married,Masters,Employed,300000,LA,3 Months,Department,18,Throw,Often,No
25,Female,Married,Bachelors,Employed,65000,LA,Month,Department,9,Throw,Sometimes,No
33,Female,Single,Bachelors,Employed,67361,NY,3 Months,Department,15,Donate,Never,Yes
37,Female,Married,High School,Employed,85000,Miami,Month,Department,15,Sell,Never,No
25,Female,Single,Bachelors,Employed,47559,LA,Month,Department,14,Sell,Never,No
79,Female,Single,High School,Retired,80000,Miami,Month,Discount,30,Pass Down,Sometimes,No
25,Female,Single,Bachelors,Employed,65000,NY,Month,Thrift,9,Sell,Sometimes,No
24,Female,Single,Bachelors,Employed,57390,NY,Month,Department,16,Throw,Never,No
28,Female,Single,Masters,Employed,90000,LA,3 Months,Department,24,Throw,Never,No
52,Female,Married,High School,Employed,40000,Miami,Month,Department,22,Donate,Often,Yes
26,Male,Single,Masters,Student,47000,Atlanta,Year,Discount,10,Sell,Sometimes,No
18,Female,Single,High School,Unemployed,45000,LA,3 Months,Thrift,18,Throw,Never,No
25,Female,Married,Bachelors,Employed,65000,LA,Month,Department,9,Throw,Sometimes,No
34,Female,Single,Masters,Employed,177947,NY,Month,Department,8,Sell,Never,No
18,Female,Single,High School,Unemployed,45000,LA,3 Months,Thrift,18,Throw,Never,No
39,Male,Married,Masters,Employed,78042,NY,Month,Department,2,Sell,Never,No
50,Male,Single,Bachelors,Employed,127872,NY,Month,Department,21,Throw,Sometimes,No
25,Female,Single,Masters,Student,51221,Miami,Month,Department,6,Throw,Often,Yes
48,Male,Married,Bachelors,Employed,129206,Chicago,Month,Thrift,17,Throw,Sometimes,Yes
23,Female,Single,High School,Employed,31403,NY,Month,Department,6,Pass Down,Never,No
30,Female,Single,Masters,Employed,150000,NY,3 Months,Thrift,7,Sell,Sometimes,Yes
24,Female,Single,Bachelors,Student,40000,LA,Month,Thrift,16,Sell,Never,No
20,Female,Single,Masters,Employed,27347,NY,3 Months,Department,19,Donate,Sometimes,Yes
24,Female,Single,Masters,Employed,74020,Chicago,Month,Department,18,Throw,Never,No
15,Female,Single,High School,Student,3000,LA,Month,Department,17,Pass Down,Sometimes,No
34,Female,Single,Bachelors,Employed,180000,NY,Month,Department,7,Sell,Never,No
25,Female,Single,Bachelors,Employed,110735,NY,Month,Department,13,Sell,Never,No
36,Female,Single,Bachelors,Employed,175000,LA,Month,Department,22,Throw,Often,Yes
48,Male,Single,Masters,Employed,200000,Chicago,3 Months,Thrift,33,Throw,Never,No
25,Female,Single,Bachelors,Employed,51937,NY,3 Months,Department,8,Donate,Sometimes,Yes
33,Male,Single,Bachelors,Employed,165000,LA,Month,Department,3,Throw,Often,Yes
20,Female,Single,Bachelors,Employed,117518,NY,Month,Department,13,Throw,Sometimes,No
23,Female,Single,Bachelors,Employed,37964,NY,Month,Thrift,13,Throw,Sometimes,No
57,Male,Married,Masters,Employed,250000,LA,3 Months,Discount,30,Donate,Often,Yes
40,Female,Single,High School,Employed,65291,Miami,Month,Department,13,Throw,Sometimes,No
48,Male,Married,Masters,Employed,300000,LA,3 Months,Department,18,Throw,Often,No
23,Female,Single,Bachelors,Student,20000,NY,Month,Department,3,Throw,Sometimes,No
17,Female,Single,High School,Unemployed,500,NY,Month,Department,10,Throw,Never,No
24,Female,Single,Bachelors,Student,42410,NY,Month,Department,11,Throw,Sometimes,No
25,Female,Married,Bachelors,Employed,65000,LA,Month,Department,9,Throw,Sometimes,No
25,Female,Single,Masters,Employed,75259,NY,Month,Department,15,Sell,Sometimes,No
40,Female,Single,None,Employed,300000,Miami,Month,Department,45,Throw,Often,No
29,Female,Married,Bachelors,Employed,160000,LA,Month,Department,23,Donate,Sometimes,Yes
40,Female,Single,Bachelors,Employed,91930,NY,3 Months,Department,18,Donate,Sometimes,No
24,Male,Single,Masters,Employed,61674,NY,Month,Department,20,Throw,Sometimes,No
25,Female,Single,Bachelors,Employed,65000,NY,Month,Thrift,9,Sell,Sometimes,No
23,Female,Single,Masters,Employed,51418,NY,3 Months,Department,22,Throw,Sometimes,Yes
32,Male,Married,Bachelors,Employed,154409,NY,Month,Thrift,3,Throw,Sometimes,Yes
30,Male,Single,Masters,Employed,65000,NY,Month,Department,12,Donate,Often,No
28,Female,Single,Masters,Employed,90000,LA,3 Months,Department,24,Throw,Never,No
51,Female,Married,Masters,Employed,174834,NY,3 Months,Department,32,Throw,Often,No
24,Female,Married,Masters,Employed,100227,NY,3 Months,Thrift,10,Sell,Sometimes,No
62,Female,Married,Bachelors,Employed,250000,NY,Month,Department,11,Donate,Often,Yes
33,Male,Single,Bachelors,Employed,165000,LA,Month,Department,3,Throw,Often,Yes
58,Male,Married,Masters,Employed,450000,NY,Month,Department,30,Throw,Often,Yes
29,Female,Married,Bachelors,Employed,160000,LA,Month,Department,23,Donate,Sometimes,Yes
51,Female,Married,Bachelors,Retired,143110,LA,Month,Department,11,Throw,Sometimes,Yes
22,Male,Single,Bachelors,Employed,150000,NY,3 Months,Department,9,Throw,Never,No
27,Male,Single,Bachelors,Employed,80928,NY,3 Months,Discount,18,Sell,Sometimes,No
52,Female,Single,Masters,Employed,175117,NY,Month,Department,32,Sell,Never,No
34,Male,Married,Bachelors,Employed,164807,Chicago,Month,Thrift,3,Throw,Sometimes,Yes
45,Male,Single,Masters,Employed,111932,NY,Month,Department,21,Throw,Sometimes,No
42,Female,Single,Bachelors,Employed,132578,NY,Month,Department,4,Throw,Never,No
31,Female,Married,Masters,Employed,104608,NY,Month,Department,15,Throw,Never,No
50,Male,Married,Masters,Employed,288711,Chicago,3 Months,Department,20,Donate,Often,No
60,Male,Married,None,Employed,246510,Chicago,Month,Thrift,10,Throw,Sometimes,Yes
19,Female,Single,Bachelors,Student,13648,NY,Month,Department,26,Pass Down,Never,No
25,Female,Single,Masters,Employed,58316,NY,3 Months,Department,5,Donate,Sometimes,No
25,Female,Single,Bachelors,Employed,45000,NY,3 Months,Department,23,Sell,Never,No
33,Male,Single,Bachelors,Employed,165000,LA,Month,Department,3,Throw,Often,Yes
27,Female,Married,Masters,Employed,160000,Chicago,Month,Thrift,7,Sell,Sometimes,Yes
34,Female,Married,Bachelors,Employed,93234,LA,Month,Department,13,Donate,Never,No
24,Male,Married,Masters,Employed,120000,Atlanta,3 Months,Thrift,12,Sell,Sometimes,No
26,Female,Single,Bachelors,Employed,134867,NY,Month,Department,7,Sell,Never,No
27,Female,Married,Masters,Employed,160000,Chicago,Month,Thrift,7,Sell,Sometimes,Yes
33,Male,Single,Bachelors,Employed,165000,LA,Month,Department,3,Throw,Often,Yes
25,Female,Single,Bachelors,Employed,45000,NY,3 Months,Department,23,Sell,Never,No
22,Male,Single,Bachelors,Employed,150000,NY,3 Months,Department,9,Throw,Never,No
33,Female,Married,High School,Student,60000,LA,3 Months,Thrift,12,Sell,Never,No
48,Female,Married,Masters,Employed,143766,NY,3 Months,Department,5,Throw,Sometimes,No
23,Female,Single,Masters,Employed,52000,NY,Month,Department,15,Throw,Never,No
20,Male,Single,High School,Student,10000,NY,Month,Discount,12,Pass Down,Sometimes,No
18,Female,Single,High School,Unemployed,45000,LA,3 Months,Thrift,18,Throw,Never,No
79,Female,Single,High School,Retired,80000,Miami,Month,Discount,30,Pass Down,Sometimes,No
30,Female,Single,Masters,Employed,150000,NY,3 Months,Thrift,7,Sell,Sometimes,Yes
22,Male,Single,Bachelors,Employed,52000,NY,3 Months,Department,2,Donate,Sometimes,Yes
79,Female,Single,High School,Retired,80000,Miami,Month,Discount,30,Pass Down,Sometimes,No
43,Male,Married,None,Employed,130000,Chicago,Month,Thrift,32,Throw,Sometimes,Yes
25,Female,Single,None,Employed,45000,Atlanta,Month,Thrift,10,Donate,Never,Yes
33,Male,Single,Bachelors,Employed,165000,LA,Month,Department,3,Throw,Often,Yes
17,Female,Single,High School,Unemployed,500,NY,Month,Department,10,Throw,Never,No
22,Male,Single,Bachelors,Employed,150000,NY,3 Months,Department,9,Throw,Never,No
23,Female,Single,Bachelors,Student,20000,NY,Month,Department,3,Throw,Sometimes,No
35,Male,Single,Masters,Employed,75423,Miami,Month,Department,13,Sell,Never,No
37,Female,Single,Bachelors,Employed,191248,NY,Month,Department,21,Throw,Never,No
40,Female,Single,Bachelors,Employed,93059,NY,3 Months,Department,17,Donate,Sometimes,Yes
25,Female,Single,Bachelors,Employed,45000,NY,3 Months,Department,23,Sell,Never,No
15,Female,Single,Bachelors,Employed,3197,NY,Month,Department,16,Donate,Sometimes,No
27,Female,Single,Masters,Employed,127000,NY,3 Months,Department,17,Donate,Often,No
28,Female,Single,Masters,Employed,90000,LA,3 Months,Department,24,Throw,Never,No
26,Female,Single,Bachelors,Employed,140920,NY,Month,Thrift,7,Sell,Sometimes,Yes
17,Female,Single,High School,Student,2000,Miami,Month,Department,30,Pass Down,Never,No
23,Female,Single,Bachelors,Student,20000,NY,Month,Department,3,Throw,Sometimes,No
43,Male,Married,None,Employed,130000,Chicago,Month,Thrift,32,Throw,Sometimes,Yes
31,Female,Single,Bachelors,Employed,149221,NY,3 Months,Department,7,Throw,Never,No
29,Female,Married,Masters,Employed,60000,NY,Month,Thrift,12,Sell,Sometimes,Yes
23,Female,Married,Masters,Student,45000,Miami,3 Months,Department,7,Throw,Sometimes,Yes
23,Female,Married,Masters,Student,45000,Miami,3 Months,Department,7,Throw,Sometimes,Yes
40,Male,Married,Masters,Employed,78000,Miami,Month,Department,2,Sell,Sometimes,No
22,Female,Single,Masters,Employed,19790,NY,Month,Department,3,Throw,Often,Yes
24,Female,Married,Bachelors,Employed,80000,Atlanta,3 Months,Department,17,Throw,Sometimes,Yes
24,Female,Married,Bachelors,Employed,80000,Atlanta,3 Months,Department,17,Throw,Sometimes,Yes
24,Male,Married,Masters,Employed,52000,Atlanta,Month,Department,22,Sell,Never,Yes
30,Female,Married,Masters,Employed,175000,NY,Month,Department,7,Throw,Sometimes,No
58,Male,Married,None,Retired,180000,Chicago,3 Months,Thrift,48,Throw,Never,No
26,Male,Single,Masters,Student,47000,Atlanta,Year,Discount,10,Sell,Sometimes,No
57,Male,Married,Masters,Employed,250000,LA,3 Months,Discount,30,Donate,Often,Yes
44,Male,Single,Masters,Employed,180000,LA,3 Months,Department,24,Throw,Never,No
30,Male,Single,Masters,Employed,65000,NY,Month,Department,12,Donate,Often,No
38,Female,Single,Masters,Employed,127506,NY,Month,Department,27,Throw,Never,No
31,Male,Single,Masters,Employed,141378,NY,Month,Department,6,Sell,Sometimes,No
27,Female,Single,Masters,Employed,73558,NY,Month,Department,18,Throw,Sometimes,No
25,Female,Single,Bachelors,Student,45320,NY,Month,Department,10,Throw,Never,No
27,Female,Married,Masters,Employed,160000,Chicago,Month,Thrift,7,Sell,Sometimes,Yes
29,Male,Single,None,Retired,123201,LA,Month,Thrift,5,Throw,Sometimes,Yes
57,Female,Married,Bachelors,Employed,130000,NY,3 Months,Discount,32,Throw,Sometimes,No
48,Male,Married,Masters,Employed,300000,LA,3 Months,Department,18,Throw,Often,No
23,Female,Married,Masters,Student,45000,Miami,3 Months,Department,7,Throw,Sometimes,Yes
35,Female,Single,Bachelors,Employed,82400,NY,Month,Department,14,Sell,Never,No
38,Female,Married,Masters,Employed,146316,Chicago,3 Months,Thrift,27,Sell,Sometimes,No
62,Female,Married,Bachelors,Employed,250000,NY,Month,Department,11,Donate,Often,Yes
40,Male,Married,Masters,Employed,78000,Miami,Month,Department,2,Sell,Sometimes,No
26,Female,Married,Masters,Employed,125157,Chicago,3 Months,Thrift,12,Throw,Sometimes,No
24,Female,Married,Bachelors,Employed,53686,NY,3 Months,Department,21,Sell,Sometimes,No
42,Male,Married,Masters,Employed,96079,NY,Month,Department,21,Throw,Sometimes,No
22,Male,Single,Bachelors,Employed,52000,NY,3 Months,Department,2,Donate,Sometimes,Yes
30,Female,Single,Masters,Employed,150000,NY,3 Months,Thrift,7,Sell,Sometimes,Yes
43,Female,Single,Masters,Retired,130000,Miami,Month,Department,23,Throw,Sometimes,No
24,Female,Single,Bachelors,Employed,44355,NY,Month,Department,10,Sell,Never,No
36,Female,Single,Bachelors,Employed,175000,LA,Month,Department,22,Throw,Often,Yes
17,Female,Single,High School,Student,2000,Miami,Month,Department,30,Pass Down,Never,No
62,Female,Married,Bachelors,Employed,250000,NY,Month,Department,11,Donate,Often,Yes
28,Male,Single,Bachelors,Employed,110000,NY,3 Months,Department,9,Sell,Sometimes,No
32,Male,Single,Masters,Employed,90239,LA,Month,Department,17,Throw,Sometimes,No
25,Female,Married,Bachelors,Employed,65000,LA,Month,Department,9,Throw,Sometimes,No
26,Female,Single,Masters,Retired,60000,NY,Month,Department,7,Throw,Never,Yes
49,Female,Single,Masters,Employed,162797,NY,3 Months,Department,29,Throw,Often,No
24,Male,Married,Masters,Employed,52000,Atlanta,Month,Department,22,Sell,Never,Yes
37,Female,Married,High School,Employed,85000,Miami,Month,Department,15,Sell,Never,No
37,Male,Single,Bachelors,Employed,108971,LA,Month,Department,23,Throw,Sometimes,No
26,Male,Single,Masters,Student,47000,Atlanta,Year,Discount,10,Sell,Sometimes,No
24,Male,Married,Masters,Employed,120000,Atlanta,3 Months,Thrift,12,Sell,Sometimes,No
52,Female,Married,High School,Employed,40000,Miami,Month,Department,22,Donate,Often,Yes
40,Male,Married,Masters,Employed,160000,Chicago,3 Months,Thrift,13,Sell,Sometimes,Yes
45,Male,Single,None,Employed,130000,Atlanta,Month,Thrift,4,Sell,Never,No
57,Female,Married,Bachelors,Employed,130000,NY,3 Months,Discount,32,Throw,Sometimes,No
51,Female,Single,Bachelors,Employed,142439,Miami,Month,Department,11,Throw,Never,No
23,Female,Married,Masters,Student,45000,Miami,3 Months,Department,7,Throw,Sometimes,Yes
41,Female,Single,Bachelors,Employed,138944,NY,Month,Department,16,Throw,Never,No
34,Female,Single,Bachelors,Employed,180000,NY,Month,Department,7,Sell,Never,No
30,Female,Single,Masters,Employed,150000,NY,3 Months,Thrift,7,Sell,Sometimes,Yes
15,Female,Single,High School,Student,3000,LA,Month,Department,17,Pass Down,Sometimes,No
26,Male,Single,Bachelors,Employed,54070,NY,3 Months,Discount,8,Sell,Sometimes,No
36,Female,Single,Bachelors,Employed,175000,LA,Month,Department,22,Throw,Often,Yes
47,Female,Single,Bachelors,Employed,107727,NY,3 Months,Department,24,Donate,Sometimes,No
27,Male,Married,Masters,Employed,75423,NY,3 Months,Thrift,8,Sell,Sometimes,No
25,Female,Single,Bachelors,Employed,45000,NY,3 Months,Department,23,Sell,Never,No
26,Female,Single,Masters,Retired,60000,NY,Month,Department,7,Throw,Never,Yes
20,Male,Single,High School,Student,10000,NY,Month,Discount,12,Pass Down,Sometimes,No
23,Female,Single,Masters,Employed,38189,NY,Month,Department,13,Throw,Never,No
32,Male,Married,Masters,Student,82000,Miami,Month,Thrift,2,Sell,Sometimes,No
27,Male,Single,Bachelors,Employed,86776,NY,Month,Department,22,Sell,Sometimes,No
33,Female,Married,High School,Student,60000,LA,3 Months,Thrift,12,Sell,Never,No
29,Female,Married,Masters,Employed,60000,NY,Month,Thrift,12,Sell,Sometimes,Yes
49,Male,Single,None,Employed,139071,NY,3 Months,Department,9,Throw,Never,No
29,Female,Married,Masters,Employed,60000,NY,Month,Thrift,12,Sell,Sometimes,Yes
30,Female,Married,Masters,Employed,175000,NY,Month,Department,7,Throw,Sometimes,No
18,Female,Single,High School,Unemployed,45000,LA,3 Months,Thrift,18,Throw,Never,No
24,Female,Married,Bachelors,Employed,80000,Atlanta,3 Months,Department,17,Throw,Sometimes,Yes
25,Female,Married,Bachelors,Employed,65000,LA,Month,Department,9,Throw,Sometimes,No
34,Female,Single,Bachelors,Employed,180000,NY,Month,Department,7,Sell,Never,No
24,Female,Married,Bachelors,Employed,80000,Atlanta,3 Months,Department,17,Throw,Sometimes,Yes
32,Male,Married,Masters,Student,82000,Miami,Month,Thrift,2,Sell,Sometimes,No
34,Female,Single,Bachelors,Employed,180000,NY,Month,Department,7,Sell,Never,No
24,Female,Married,Bachelors,Employed,80000,Atlanta,3 Months,Department,17,Throw,Sometimes,Yes
34,Female,Single,Bachelors,Employed,180000,NY,Month,Department,7,Sell,Never,No
43,Male,Married,None,Employed,130000,Chicago,Month,Thrift,32,Throw,Sometimes,Yes
27,Female,Single,Bachelors,Employed,88339,LA,Month,Department,9,Sell,Sometimes,No
57,Male,Married,Masters,Employed,250000,LA,3 Months,Discount,30,Donate,Often,Yes
22,Male,Single,Bachelors,Employed,52000,NY,3 Months,Department,2,Donate,Sometimes,Yes
28,Female,Single,Masters,Employed,90000,LA,3 Months,Department,24,Throw,Never,No
20,Female,Single,Bachelors,Employed,23580,NY,Month,Department,8,Throw,Never,No
27,Female,Single,Masters,Employed,127000,NY,3 Months,Department,17,Donate,Often,No
39,Male,Married,Masters,Employed,153531,Chicago,3 Months,Thrift,12,Sell,Sometimes,No
79,Female,Single,High School,Retired,80000,Miami,Month,Discount,30,Pass Down,Sometimes,No
23,Female,Single,Bachelors,Student,20000,NY,Month,Department,3,Throw,Sometimes,No
53,Female,Married,Masters,Employed,180000,Chicago,Month,Thrift,33,Throw,Never,No
25,Female,Single,None,Employed,45000,Atlanta,Month,Thrift,10,Donate,Never,Yes
57,Female,Married,Bachelors,Employed,130000,NY,3 Months,Discount,32,Throw,Sometimes,No
24,Male,Married,Masters,Employed,120000,Atlanta,3 Months,Thrift,12,Sell,Sometimes,No
52,Female,Married,High School,Employed,40000,Miami,Month,Department,22,Donate,Often,Yes
23,Female,Married,Masters,Employed,49149,NY,3 Months,Thrift,7,Sell,Sometimes,No
23,Female,Single,Masters,Employed,25849,NY,Month,Department,3,Throw,Never,No
58,Male,Married,None,Retired,180000,Chicago,3 Months,Thrift,48,Throw,Never,No
61,Female,Married,Masters,Employed,246805,NY,3 Months,Department,11,Throw,Sometimes,No
29,Female,Married,Bachelors,Employed,160000,LA,Month,Department,23,Donate,Sometimes,Yes
40,Female,Single,Masters,Employed,32352,Miami,Month,Department,14,Throw,Never,Yes
24,Male,Married,Masters,Employed,52000,Atlanta,Month,Department,22,Sell,Never,Yes
23,Female,Single,Bachelors,Student,20000,NY,Month,Department,3,Throw,Sometimes,No
29,Female,Married,Bachelors,Employed,160000,LA,Month,Department,23,Donate,Sometimes,Yes
58,Male,Single,Bachelors,Employed,182113,Chicago,Month,Thrift,46,Throw,Sometimes,Yes
15,Female,Single,Bachelors,Employed,2131,NY,3 Months,Department,14,Donate,Sometimes,Yes
25,Female,Single,Masters,Employed,42315,NY,Month,Department,18,Throw,Often,Yes
36,Female,Single,Bachelors,Employed,175000,LA,Month,Department,22,Throw,Often,Yes
25,Female,Single,Bachelors,Employed,52661,NY,Month,Department,9,Sell,Never,No
51,Male,Single,Masters,Employed,172516,NY,Month,Department,32,Sell,Sometimes,No
27,Female,Married,Masters,Employed,160000,Chicago,Month,Thrift,7,Sell,Sometimes,Yes
27,Female,Married,Masters,Employed,160000,Chicago,Month,Thrift,7,Sell,Sometimes,Yes
40,Male,Married,Masters,Employed,78000,Miami,Month,Department,2,Sell,Sometimes,No
45,Male,Single,None,Employed,130000,Atlanta,Month,Thrift,4,Sell,Never,No
23,Female,Married,Masters,Student,45000,Miami,3 Months,Department,7,Throw,Sometimes,Yes
27,Male,Single,Bachelors,Employed,87410,NY,3 Months,Department,23,Throw,Sometimes,No
17,Female,Single,High School,Unemployed,500,NY,Month,Department,10,Throw,Never,No
48,Male,Married,Masters,Employed,300000,LA,3 Months,Department,18,Throw,Often,No
58,Male,Married,None,Retired,180000,Chicago,3 Months,Thrift,48,Throw,Never,No
18,Female,Single,High School,Unemployed,45000,LA,3 Months,Thrift,18,Throw,Never,No
60,Male,Single,Masters,Retired,160000,Miami,Month,Department,21,Throw,Sometimes,Yes
49,Female,Married,Masters,Employed,206446,NY,3 Months,Department,32,Throw,Never,No
53,Male,Married,Masters,Employed,399690,Chicago,Month,Thrift,25,Throw,Sometimes,No
58,Male,Married,Masters,Employed,450000,NY,Month,Department,30,Throw,Often,Yes
28,Male,Single,Bachelors,Employed,110000,NY,3 Months,Department,9,Sell,Sometimes,No
24,Male,Married,Masters,Employed,52000,Atlanta,Month,Department,22,Sell,Never,Yes
23,Female,Single,Bachelors,Student,20000,NY,Month,Department,3,Throw,Sometimes,No
43,Female,Single,High School,Employed,109828,LA,3 Months,Department,3,Sell,Never,No
40,Female,Single,None,Employed,300000,Miami,Month,Department,45,Throw,Often,No
15,Female,Single,High School,Student,3000,LA,Month,Department,17,Pass Down,Sometimes,No
17,Female,Single,High School,Unemployed,500,NY,Month,Department,10,Throw,Never,No
40,Male,Married,Masters,Employed,160000,Chicago,3 Months,Thrift,13,Sell,Sometimes,Yes
28,Male,Single,Bachelors,Employed,110000,NY,3 Months,Department,9,Sell,Sometimes,No
25,Female,Single,None,Employed,45000,Atlanta,Month,Thrift,10,Donate,Never,Yes
28,Female,Single,Masters,Employed,160925,NY,Month,Thrift,14,Throw,Never,Yes
44,Female,Single,Masters,Employed,127289,Miami,Month,Department,4,Throw,Never,No
17,Female,Single,High School,Student,2000,Miami,Month,Department,30,Pass Down,Never,No
43,Male,Married,None,Employed,130000,Chicago,Month,Thrift,32,Throw,Sometimes,Yes
17,Female,Single,High School,Student,2000,Miami,Month,Department,30,Pass Down,Never,No
52,Female,Single,Masters,Employed,226926,NY,3 Months,Department,31,Throw,Never,No
23,Female,Married,Masters,Student,45000,Miami,3 Months,Department,7,Throw,Sometimes,Yes
36,Female,Single,Bachelors,Employed,175000,LA,Month,Department,22,Throw,Often,Yes
23,Male,Single,Bachelors,Employed,28126,NY,Month,Department,9,Sell,Sometimes,No
25,Female,Married,Masters,Employed,53031,NY,3 Months,Department,20,Sell,Sometimes,No
30,Female,Married,Masters,Employed,175000,NY,Month,Department,7,Throw,Sometimes,No
58,Male,Married,Masters,Employed,250000,LA,3 Months,Department,24,Donate,Often,No
26,Male,Single,Masters,Student,47000,Atlanta,Year,Discount,10,Sell,Sometimes,No
29,Female,Married,Masters,Employed,60000,NY,Month,Thrift,12,Sell,Sometimes,Yes
29,Female,Single,High School,Retired,64624,Miami,Month,Department,11,Throw,Sometimes,Yes
22,Male,Single,Bachelors,Employed,52000,NY,3 Months,Department,2,Donate,Sometimes,Yes
23,Female,Married,Bachelors,Employed,20845,Atlanta,Month,Thrift,3,Sell,Sometimes,Yes
49,Female,Married,Masters,Employed,192725,NY,3 Months,Discount,33,Throw,Often,No
37,Female,Married,High School,Employed,85000,Miami,Month,Department,15,Sell,Never,No
29,Female,Single,Bachelors,Employed,60766,NY,Month,Department,15,Sell,Never,No
25,Female,Married,Bachelors,Employed,65000,LA,Month,Department,9,Throw,Sometimes,No
37,Female,Married,High School,Employed,85000,Miami,Month,Department,15,Sell,Never,No
27,Male,Married,Masters,Employed,71473,NY,Month,Department,14,Sell,Sometimes,No
28,Male,Single,Bachelors,Employed,110000,NY,3 Months,Department,9,Sell,Sometimes,No
25,Male,Single,Masters,Employed,111604,Chicago,Month,Department,18,Throw,Never,No
40,Male,Married,Masters,Employed,78000,Miami,Month,Department,2,Sell,Sometimes,No
29,Female,Married,Masters,Employed,60000,NY,Month,Thrift,12,Sell,Sometimes,Yes
29,Female,Married,Masters,Employed,60000,NY,Month,Thrift,12,Sell,Sometimes,Yes
60,Male,Single,Masters,Retired,160000,Miami,Month,Department,21,Throw,Sometimes,Yes
48,Male,Married,Masters,Employed,300000,LA,3 Months,Department,18,Throw,Often,No
57,Female,Married,Bachelors,Employed,130000,NY,3 Months,Discount,32,Throw,Sometimes,No
37,Female,Single,Bachelors,Employed,214343,NY,Month,Department,17,Sell,Sometimes,No
48,Male,Married,Masters,Employed,300000,LA,3 Months,Department,18,Throw,Often,No
22,Male,Single,Bachelors,Employed,52000,NY,3 Months,Department,2,Donate,Sometimes,Yes
57,Male,Married,Masters,Employed,250000,LA,3 Months,Discount,30,Donate,Often,Yes
25,Female,Married,Bachelors,Employed,65000,LA,Month,Department,9,Throw,Sometimes,No
33,Male,Single,Bachelors,Employed,165000,LA,Month,Department,3,Throw,Often,Yes
62,Female,Married,Bachelors,Employed,250000,NY,Month,Department,11,Donate,Often,Yes
45,Male,Single,None,Employed,130000,Atlanta,Month,Thrift,4,Sell,Never,No
29,Female,Married,Masters,Employed,60000,NY,Month,Thrift,12,Sell,Sometimes,Yes
27,Female,Single,Masters,Employed,127000,NY,3 Months,Department,17,Donate,Often,No
22,Male,Single,Bachelors,Employed,52000,NY,3 Months,Department,2,Donate,Sometimes,Yes
24,Female,Single,Bachelors,Student,40000,LA,Month,Thrift,16,Sell,Never,No
27,Female,Married,Masters,Employed,160000,Chicago,Month,Thrift,7,Sell,Sometimes,Yes
27,Female,Married,Masters,Employed,160000,Chicago,Month,Thrift,7,Sell,Sometimes,Yes
62,Female,Married,Bachelors,Employed,250000,NY,Month,Department,11,Donate,Often,Yes
40,Male,Married,Masters,Employed,160000,Chicago,3 Months,Thrift,13,Sell,Sometimes,Yes
27,Female,Single,Masters,Employed,127000,NY,3 Months,Department,17,Donate,Often,No
32,Male,Married,Masters,Student,82000,Miami,Month,Thrift,2,Sell,Sometimes,No
52,Female,Single,Masters,Employed,118506,NY,3 Months,Department,28,Donate,Never,Yes
24,Male,Married,Masters,Employed,52000,Atlanta,Month,Department,22,Sell,Never,Yes
41,Female,Married,Bachelors,Employed,167208,NY,Month,Department,16,Sell,Often,Yes
17,Female,Single,Bachelors,Employed,4917,NY,3 Months,Department,11,Donate,Sometimes,Yes
39,Female,Single,Bachelors,Employed,225967,NY,Month,Department,11,Throw,Never,No
17,Female,Single,High School,Unemployed,500,NY,Month,Department,10,Throw,Never,No
20,Female,Single,Masters,Employed,11693,Miami,Month,Department,15,Throw,Never,Yes
29,Female,Married,Masters,Employed,60000,NY,Month,Thrift,12,Sell,Sometimes,Yes
30,Female,Single,Masters,Employed,150000,NY,3 Months,Thrift,7,Sell,Sometimes,Yes
18,Female,Single,High School,Unemployed,45000,LA,3 Months,Thrift,18,Throw,Never,No
47,Male,Single,Bachelors,Employed,200989,NY,Month,Department,9,Throw,Never,No
34,Female,Single,Masters,Employed,99523,NY,3 Months,Discount,15,Throw,Often,No
57,Female,Married,Bachelors,Employed,130000,NY,3 Months,Discount,32,Throw,Sometimes,No
28,Female,Single,Masters,Employed,90000,LA,3 Months,Department,24,Throw,Never,No
39,Female,Married,Masters,Employed,208069,NY,Month,Department,20,Throw,Never,No
54,Male,Married,Masters,Employed,148518,NY,Month,Department,32,Throw,Sometimes,No
25,Female,Single,Bachelors,Employed,65000,NY,Month,Thrift,9,Sell,Sometimes,No
35,Male,Married,None,Employed,172727,LA,Month,Department,26,Throw,Sometimes,No
52,Female,Married,High School,Employed,40000,Miami,Month,Department,22,Donate,Often,Yes
24,Female,Single,Bachelors,Employed,45000,NY,3 Months,Department,9,Donate,Sometimes,No
27,Female,Married,Masters,Employed,160000,Chicago,Month,Thrift,7,Sell,Sometimes,Yes
22,Male,Single,Bachelors,Employed,150000,NY,3 Months,Department,9,Throw,Never,No
62,Female,Married,Bachelors,Employed,250000,NY,Month,Department,11,Donate,Often,Yes
48,Male,Single,Masters,Employed,200000,Chicago,3 Months,Thrift,33,Throw,Never,No
31,Female,Single,Masters,Student,17757,NY,Month,Department,26,Throw,Often,Yes
24,Female,Single,Bachelors,Employed,53031,NY,Month,Department,20,Throw,Never,No
27,Female,Single,Masters,Employed,127000,NY,3 Months,Department,17,Donate,Often,No
22,Male,Single,Bachelors,Employed,52000,NY,3 Months,Department,2,Donate,Sometimes,Yes
18,Female,Single,Masters,Student,4102,NY,Month,Department,29,Throw,Never,No
24,Male,Married,Masters,Employed,52000,Atlanta,Month,Department,22,Sell,Never,Yes
17,Female,Single,High School,Student,2000,Miami,Month,Department,30,Pass Down,Never,No
29,Female,Married,Bachelors,Employed,160000,LA,Month,Department,23,Donate,Sometimes,Yes
25,Female,Single,Bachelors,Employed,65000,NY,Month,Thrift,9,Sell,Sometimes,No
43,Female,Single,Masters,Retired,130000,Miami,Month,Department,23,Throw,Sometimes,Yes
23,Female,Single,High School,Student,32727,Miami,Month,Department,4,Throw,Sometimes,No
41,Female,Married,Bachelors,Employed,165972,LA,Month,Department,18,Sell,Sometimes,No
45,Male,Single,None,Employed,130000,Atlanta,Month,Thrift,4,Sell,Never,No
25,Female,Single,Bachelors,Employed,65000,NY,Month,Thrift,9,Sell,Sometimes,No
27,Female,Single,High School,Employed,47905,NY,Month,Department,9,Pass Down,Never,No
24,Female,Single,Bachelors,Employed,86363,LA,Month,Department,17,Sell,Never,No
43,Male,Married,None,Employed,130000,Chicago,Month,Thrift,32,Throw,Sometimes,Yes
58,Male,Married,Masters,Employed,450000,NY,Month,Department,30,Throw,Often,Yes
25,Female,Married,Bachelors,Employed,61485,NY,Month,Department,9,Sell,Sometimes,No
29,Female,Single,Bachelors,Employed,99207,NY,Month,Department,15,Throw,Often,No
40,Male,Married,Masters,Employed,78000,Miami,Month,Department,2,Sell,Sometimes,No
32,Female,Married,Bachelors,Employed,168444,LA,Month,Department,22,Donate,Sometimes,No
56,Male,Married,Masters,Employed,250581,Chicago,3 Months,Department,29,Donate,Often,Yes
43,Male,Married,None,Employed,130000,Chicago,Month,Thrift,32,Throw,Sometimes,Yes
25,Female,Single,Bachelors,Employed,45000,NY,3 Months,Department,23,Sell,Never,No
28,Female,Married,Bachelors,Employed,103549,LA,Month,Department,9,Donate,Never,No
48,Male,Single,Masters,Employed,200000,Chicago,3 Months,Thrift,33,Throw,Never,No
33,Female,Married,High School,Student,60000,LA,3 Months,Thrift,12,Sell,Never,No
25,Female,Single,Masters,Employed,45000,NY,Month,Department,14,Donate,Sometimes,Yes
28,Female,Single,Masters,Employed,90000,LA,3 Months,Department,24,Throw,Never,No
25,Female,Single,Masters,Employed,71830,NY,Month,Department,13,Sell,Sometimes,No
53,Female,Married,Masters,Employed,180000,Chicago,Month,Thrift,33,Throw,Never,No
30,Female,Married,Masters,Employed,175000,NY,Month,Department,7,Throw,Sometimes,No
62,Female,Married,Bachelors,Employed,250000,NY,Month,Department,11,Donate,Often,Yes
33,Female,Married,High School,Student,60000,LA,3 Months,Thrift,12,Sell,Never,No
24,Female,Married,Bachelors,Employed,80000,Atlanta,3 Months,Department,17,Throw,Sometimes,Yes
37,Female,Married,High School,Employed,85000,Miami,Month,Department,15,Sell,Never,No
26,Female,Single,Masters,Retired,60000,NY,Month,Department,7,Throw,Never,Yes
18,Female,Single,Bachelors,Employed,8791,NY,3 Months,Department,10,Donate,Sometimes,Yes
23,Female,Married,Masters,Student,45000,Miami,3 Months,Department,7,Throw,Sometimes,Yes
59,Male,Married,Bachelors,Employed,169472,Chicago,Month,Thrift,33,Throw,Often,Yes
31,Male,Single,Bachelors,Employed,87545,LA,Month,Thrift,16,Throw,Never,No
24,Male,Married,Masters,Employed,120000,Atlanta,3 Months,Thrift,12,Sell,Sometimes,No
43,Male,Married,None,Employed,130000,Chicago,Month,Thrift,32,Throw,Sometimes,Yes
20,Female,Single,Masters,Employed,12362,NY,Month,Discount,11,Sell,Sometimes,No
40,Female,Single,None,Employed,300000,Miami,Month,Department,45,Throw,Often,No
17,Female,Single,High School,Unemployed,500,NY,Month,Department,10,Throw,Never,No
30,Female,Single,Masters,Employed,150000,NY,3 Months,Thrift,7,Sell,Sometimes,Yes
40,Male,Married,Masters,Employed,90213,NY,Month,Department,19,Throw,Sometimes,No
34,Female,Married,Masters,Employed,178353,NY,Month,Department,11,Throw,Never,No
28,Female,Single,Masters,Employed,90000,LA,3 Months,Department,24,Throw,Never,No
28,Female,Single,Masters,Employed,90000,LA,3 Months,Department,24,Throw,Never,No
24,Male,Married,Masters,Employed,120000,Atlanta,3 Months,Thrift,12,Sell,Sometimes,No
60,Male,Single,Masters,Retired,160000,Miami,Month,Department,21,Throw,Sometimes,Yes
20,Male,Single,High School,Student,10000,NY,Month,Discount,12,Pass Down,Sometimes,No
32,Male,Married,Masters,Student,82000,Miami,Month,Thrift,2,Sell,Sometimes,No
53,Male,Married,Masters,Employed,279266,Chicago,3 Months,Department,15,Donate,Often,Yes
36,Female,Single,Bachelors,Employed,175000,LA,Month,Department,22,Throw,Often,Yes
28,Female,Single,Masters,Employed,90000,LA,3 Months,Department,24,Throw,Never,No
27,Female,Single,Masters,Employed,80562,NY,Month,Department,20,Throw,Sometimes,No
30,Male,Single,Masters,Employed,65000,NY,Month,Department,12,Donate,Often,No
48,Male,Single,Masters,Employed,200000,Chicago,3 Months,Thrift,33,Throw,Never,No
60,Female,Married,Masters,Employed,206859,NY,3 Months,Department,18,Throw,Sometimes,No
58,Male,Married,None,Retired,180000,Chicago,3 Months,Thrift,48,Throw,Never,No
45,Male,Single,Bachelors,Employed,137483,LA,Month,Thrift,34,Throw,Never,No
25,Female,Married,Bachelors,Employed,59674,LA,Month,Department,9,Donate,Sometimes,No
31,Female,Single,Masters,Retired,83326,Miami,Month,Department,15,Throw,Sometimes,No
27,Male,Married,Masters,Employed,152142,Chicago,Month,Thrift,13,Throw,Sometimes,No
28,Male,Single,Bachelors,Employed,110000,NY,3 Months,Department,9,Sell,Sometimes,No
17,Female,Single,High School,Student,2000,Miami,Month,Department,30,Pass Down,Never,No
48,Male,Married,Masters,Employed,300000,LA,3 Months,Department,18,Throw,Often,No
40,Female,Single,None,Employed,300000,Miami,Month,Department,45,Throw,Often,No
36,Male,Married,Masters,Employed,167511,NY,3 Months,Department,21,Throw,Often,No
37,Female,Married,High School,Employed,85000,Miami,Month,Department,15,Sell,Never,No
58,Male,Married,Masters,Employed,421208,Chicago,Month,Thrift,29,Throw,Sometimes,No
26,Male,Single,Masters,Student,47000,Atlanta,Year,Discount,10,Sell,Sometimes,No
48,Male,Single,Masters,Employed,200000,Chicago,3 Months,Thrift,33,Throw,Never,No
29,Female,Married,Bachelors,Employed,160000,LA,Month,Department,23,Donate,Sometimes,Yes
33,Male,Single,Bachelors,Employed,165000,LA,Month,Department,3,Throw,Often,Yes
25,Female,Married,Bachelors,Employed,65000,LA,Month,Department,9,Throw,Sometimes,No
26,Female,Married,Masters,Employed,57390,NY,3 Months,Department,17,Throw,Sometimes,No
39,Male,Married,Masters,Employed,75660,Atlanta,Month,Department,3,Sell,Sometimes,No
62,Female,Married,Bachelors,Employed,250000,NY,Month,Department,11,Donate,Often,Yes
22,Male,Single,Bachelors,Employed,150000,NY,3 Months,Department,9,Throw,Never,No
15,Female,Single,High School,Student,3000,LA,Month,Department,17,Pass Down,Sometimes,No
39,Male,Married,Bachelors,Employed,163753,NY,Month,Thrift,7,Throw,Often,Yes
34,Female,Single,Bachelors,Employed,180000,NY,Month,Department,7,Sell,Never,No
23,Female,Single,Bachelors,Student,33234,NY,Month,Department,20,Pass Down,Never,No
40,Female,Single,Bachelors,Employed,114196,NY,Month,Department,4,Throw,Never,No
29,Female,Married,Bachelors,Employed,160000,LA,Month,Department,23,Donate,Sometimes,Yes
43,Male,Married,None,Employed,130000,Chicago,Month,Thrift,32,Throw,Sometimes,Yes
22,Male,Single,Bachelors,Employed,150000,NY,3 Months,Department,9,Throw,Never,No
29,Female,Single,Masters,Retired,72995,NY,Month,Department,15,Throw,Never,No
47,Female,Married,Bachelors,Employed,296429,NY,Month,Department,17,Sell,Sometimes,Yes
24,Female,Married,Bachelors,Employed,80000,Atlanta,3 Months,Department,17,Throw,Sometimes,Yes
25,Female,Single,Bachelors,Employed,45000,NY,3 Months,Department,23,Sell,Never,No
23,Female,Married,Masters,Student,45000,Miami,3 Months,Department,7,Throw,Sometimes,Yes
26,Female,Single,Masters,Employed,123231,NY,3 Months,Department,16,Donate,Never,No
24,Female,Single,Bachelors,Student,40000,LA,Month,Thrift,16,Sell,Never,No
23,Female,Single,Bachelors,Student,20000,NY,Month,Department,3,Throw,Sometimes,No
53,Female,Single,Masters,Employed,235452,NY,3 Months,Department,28,Throw,Never,No
17,Female,Single,High School,Student,2000,Miami,Month,Department,30,Pass Down,Never,No
20,Female,Single,Masters,Employed,19482,NY,Month,Department,9,Throw,Sometimes,No
25,Female,Married,Bachelors,Employed,65000,LA,Month,Department,9,Throw,Sometimes,No
19,Female,Single,Bachelors,Employed,17458,NY,Month,Department,22,Throw,Sometimes,No
42,Female,Single,Masters,Student,50965,NY,Month,Department,17,Throw,Sometimes,No
79,Female,Single,High School,Retired,80000,Miami,Month,Discount,30,Pass Down,Sometimes,No
22,Male,Single,Bachelors,Employed,52000,NY,3 Months,Department,2,Donate,Sometimes,Yes
32,Male,Married,Masters,Student,82000,Miami,Month,Thrift,2,Sell,Sometimes,No
37,Female,Single,Masters,Employed,146996,NY,Month,Department,21,Throw,Never,No
27,Female,Married,Masters,Employed,160000,Chicago,Month,Thrift,7,Sell,Sometimes,Yes
26,Male,Single,Masters,Student,47000,Atlanta,Year,Discount,10,Sell,Sometimes,No
60,Male,Single,Masters,Retired,160000,Miami,Month,Department,21,Throw,Sometimes,Yes
24,Male,Married,Masters,Employed,52000,Atlanta,Month,Department,22,Sell,Never,Yes
28,Female,Single,Masters,Employed,90000,LA,3 Months,Department,24,Throw,Never,No
52,Female,Married,High School,Employed,40000,Miami,Month,Department,22,Donate,Often,Yes
24,Male,Married,Masters,Employed,120000,Atlanta,3 Months,Thrift,12,Sell,Sometimes,No
27,Female,Single,Masters,Employed,127000,NY,3 Months,Department,17,Donate,Often,No
26,Female,Single,Masters,Retired,60000,NY,Month,Department,7,Throw,Never,Yes
58,Male,Married,None,Retired,180000,Chicago,3 Months,Thrift,48,Throw,Never,No
41,Male,Married,High School,Employed,121966,Miami,Month,Department,8,Sell,Never,No
31,Female,Single,Bachelors,Employed,159545,NY,Month,Department,16,Throw,Often,No
23,Female,Single,Bachelors,Employed,48898,NY,Month,Department,21,Throw,Never,No
20,Female,Single,Bachelors,Employed,117389,NY,Month,Department,10,Throw,Never,No
33,Female,Married,High School,Student,60000,LA,3 Months,Thrift,12,Sell,Never,No
25,Female,Single,Bachelors,Employed,65000,NY,Month,Thrift,9,Sell,Sometimes,No
25,Female,Single,None,Employed,45000,Atlanta,Month,Thrift,10,Donate,Never,Yes
52,Female,Married,High School,Employed,40000,Miami,Month,Department,22,Donate,Often,Yes
22,Male,Single,Bachelors,Employed,150000,NY,3 Months,Department,9,Throw,Never,No
53,Female,Married,Masters,Employed,180000,Chicago,Month,Thrift,33,Throw,Never,No
25,Female,Single,High School,Student,46933,NY,Month,Department,10,Pass Down,Sometimes,No
37,Female,Married,High School,Employed,85000,Miami,Month,Department,15,Sell,Never,No
17,Female,Single,High School,Unemployed,500,NY,Month,Department,10,Throw,Never,No
34,Female,Single,Bachelors,Employed,183139,NY,Month,Department,7,Sell,Sometimes,No
24,Female,Married,Bachelors,Employed,80000,Atlanta,3 Months,Department,17,Throw,Sometimes,Yes
25,Female,Single,Masters,Employed,45000,NY,3 Months,Department,12,Donate,Sometimes,No
24,Female,Single,Bachelors,Student,40000,LA,Month,Thrift,16,Sell,Never,No
24,Male,Married,Masters,Employed,52000,Atlanta,Month,Department,22,Sell,Never,Yes
25,Female,Single,Bachelors,Employed,46304,NY,Month,Department,10,Throw,Sometimes,No
25,Female,Single,Bachelors,Employed,65000,NY,Month,Thrift,9,Sell,Sometimes,No
24,Female,Married,Masters,Employed,59677,Atlanta,Month,Department,8,Throw,Sometimes,Yes
24,Male,Single,None,Employed,48028,Chicago,Month,Thrift,13,Throw,Sometimes,Yes
29,Male,Single,None,Employed,79450,Chicago,Month,Thrift,14,Throw,Never,Yes
49,Male,Married,None,Employed,278040,Chicago,Month,Department,31,Throw,Often,Yes
52,Female,Married,High School,Employed,40000,Miami,Month,Department,22,Donate,Often,Yes
15,Female,Single,High School,Student,3000,LA,Month,Department,17,Pass Down,Sometimes,No
19,Female,Single,Bachelors,Employed,28174,NY,3 Months,Department,5,Donate,Sometimes,Yes
25,Female,Single,None,Employed,45000,Atlanta,Month,Thrift,10,Donate,Never,Yes
47,Female,Married,Masters,Employed,292968,NY,Month,Department,18,Throw,Never,No
27,Female,Married,Bachelors,Employed,59070,Atlanta,3 Months,Department,16,Sell,Sometimes,No
17,Female,Single,High School,Unemployed,500,NY,Month,Department,10,Throw,Never,No
44,Female,Single,Bachelors,Employed,323260,LA,Month,Department,19,Sell,Sometimes,No
25,Female,Single,Bachelors,Employed,92688,NY,3 Months,Department,2,Throw,Never,No
24,Female,Married,Bachelors,Employed,80000,Atlanta,3 Months,Department,17,Throw,Sometimes,Yes
42,Male,Married,Masters,Employed,121738,NY,3 Months,Thrift,30,Sell,Sometimes,No
24,Female,Single,Bachelors,Employed,56673,NY,Month,Thrift,17,Throw,Sometimes,No
48,Male,Married,Masters,Employed,300000,LA,3 Months,Department,18,Throw,Often,No
34,Female,Single,Bachelors,Employed,180000,NY,Month,Department,7,Sell,Never,No
25,Female,Single,Bachelors,Employed,45000,NY,3 Months,Department,23,Sell,Never,No
40,Male,Married,Masters,Employed,160000,Chicago,3 Months,Thrift,13,Sell,Sometimes,Yes
19,Female,Single,Masters,Employed,22733,NY,3 Months,Department,18,Throw,Sometimes,Yes
76,Female,Single,Masters,Student,78874,Miami,Month,Department,28,Throw,Sometimes,No
20,Female,Single,Bachelors,Employed,93410,NY,Month,Department,17,Throw,Sometimes,No
17,Female,Single,Bachelors,Employed,3089,NY,Month,Department,29,Throw,Sometimes,No
44,Male,Married,None,Employed,161168,Chicago,Month,Department,31,Throw,Sometimes,Yes
48,Male,Single,Masters,Employed,200000,Chicago,3 Months,Thrift,33,Throw,Never,No
40,Male,Married,Masters,Employed,160000,Chicago,3 Months,Thrift,13,Sell,Sometimes,Yes
26,Male,Single,Masters,Student,47000,Atlanta,Year,Discount,10,Sell,Sometimes,No
40,Female,Single,None,Employed,300000,Miami,Month,Department,45,Throw,Often,No
23,Female,Single,Bachelors,Student,20000,NY,Month,Department,3,Throw,Sometimes,No
37,Female,Married,High School,Employed,85000,Miami,Month,Department,15,Sell,Never,No
26,Female,Single,Masters,Retired,60000,NY,Month,Department,7,Throw,Never,Yes
44,Female,Married,Masters,Employed,115748,NY,3 Months,Department,3,Throw,Sometimes,No
35,Female,Single,Masters,Employed,76019,NY,3 Months,Department,16,Donate,Sometimes,Yes
28,Male,Single,Bachelors,Employed,110000,NY,3 Months,Department,9,Sell,Sometimes,No
58,Male,Married,Masters,Employed,450000,NY,Month,Department,30,Throw,Often,Yes
15,Female,Single,High School,Student,3000,LA,Month,Department,17,Pass Down,Sometimes,No
17,Female,Single,High School,Student,2000,Miami,Month,Department,30,Pass Down,Never,No
45,Female,Married,Masters,Employed,271779,NY,Month,Department,18,Throw,Never,No
48,Male,Single,Masters,Employed,200000,Chicago,3 Months,Thrift,33,Throw,Never,No
45,Male,Single,None,Employed,130000,Atlanta,Month,Thrift,4,Sell,Never,No
18,Female,Single,High School,Unemployed,45000,LA,3 Months,Thrift,18,Throw,Never,No
26,Male,Single,Masters,Student,47000,Atlanta,Year,Discount,10,Sell,Sometimes,No
58,Male,Married,None,Retired,180000,Chicago,3 Months,Thrift,48,Throw,Never,No
21,Female,Single,Masters,Employed,35911,NY,3 Months,Department,5,Throw,Sometimes,No
45,Male,Single,None,Employed,130000,Atlanta,Month,Thrift,4,Sell,Never,No
62,Female,Married,Bachelors,Employed,250000,NY,Month,Department,11,Donate,Often,Yes
27,Female,Single,Masters,Employed,127000,NY,3 Months,Department,17,Donate,Often,No
26,Female,Single,Masters,Employed,61051,Miami,Month,Department,8,Donate,Sometimes,No
47,Male,Single,Bachelors,Employed,172809,LA,Month,Department,39,Throw,Sometimes,No
79,Female,Single,High School,Retired,80000,Miami,Month,Discount,30,Pass Down,Sometimes,No
60,Male,Single,Masters,Retired,160000,Miami,Month,Department,21,Throw,Sometimes,Yes
79,Female,Single,High School,Retired,80000,Miami,Month,Discount,30,Pass Down,Sometimes,No
30,Female,Married,Masters,Employed,175000,NY,Month,Department,7,Throw,Sometimes,No
33,Male,Single,Bachelors,Employed,165000,LA,Month,Department,3,Throw,Often,Yes
24,Female,Single,Bachelors,Student,40000,LA,Month,Thrift,16,Sell,Never,No
23,Female,Single,Bachelors,Student,20000,NY,Month,Department,3,Throw,Sometimes,No
33,Female,Married,High School,Student,60000,LA,3 Months,Thrift,12,Sell,Never,No
62,Female,Married,Bachelors,Employed,250000,NY,Month,Department,11,Donate,Often,Yes
51,Female,Single,Masters,Employed,186308,NY,3 Months,Department,33,Throw,Never,No
15,Female,Single,High School,Student,3000,LA,Month,Department,17,Pass Down,Sometimes,No
36,Male,Married,High School,Employed,85106,Miami,Month,Department,15,Sell,Never,No
27,Female,Single,Masters,Employed,127000,NY,3 Months,Department,17,Donate,Often,No
25,Female,Single,Bachelors,Employed,70343,LA,Month,Department,8,Sell,Sometimes,No
42,Male,Single,Masters,Employed,187905,Chicago,Month,Thrift,29,Throw,Never,No
26,Female,Single,Bachelors,Employed,61225,NY,Month,Department,19,Throw,Never,No
58,Male,Married,Masters,Employed,450000,NY,Month,Department,30,Throw,Often,Yes
25,Female,Single,Bachelors,Employed,65000,NY,Month,Thrift,9,Sell,Sometimes,No
15,Female,Single,High School,Student,3000,LA,Month,Department,17,Pass Down,Sometimes,No
58,Male,Married,Masters,Employed,250000,NY,3 Months,Department,24,Donate,Often,No
23,Male,Single,Masters,Employed,41655,NY,Month,Department,4,Sell,Sometimes,No
34,Female,Married,Bachelors,Employed,178488,NY,Month,Department,11,Sell,Sometimes,No
25,Female,Single,Bachelors,Employed,65000,NY,Month,Thrift,9,Sell,Sometimes,No
26,Female,Single,Masters,Retired,60000,NY,Month,Department,7,Throw,Never,Yes
25,Female,Married,Bachelors,Employed,65000,LA,Month,Department,9,Throw,Sometimes,No
25,Female,Single,Bachelors,Employed,45000,NY,3 Months,Department,23,Sell,Never,No
58,Male,Married,Bachelors,Employed,399690,Chicago,Month,Department,33,Throw,Often,Yes
36,Female,Single,Bachelors,Employed,203630,LA,Month,Department,16,Sell,Sometimes,No
19,Female,Single,Masters,Student,9736,Miami,Month,Department,18,Throw,Often,Yes
30,Female,Married,Masters,Employed,175000,NY,Month,Department,7,Throw,Sometimes,No
25,Female,Single,Bachelors,Employed,58853,Atlanta,Month,Department,9,Throw,Never,No
